"iznos","spol","zupanija","dob","iskustvo","br.uzdr.cl","udio.stete","prijava"
175000,"Z",20,56,37,2,100,1
175000,"Z",2,49,31,1,100,0
22360,"Z",19,26,6,3,16,0
29546,"Z",13,27,8,1,27,0
265000,"M",20,30,12,0,100,0
25800,"M",1,30,12,1,17,0
215000,"Z",11,40,21,0,100,0
11097,"M",15,21,3,1,20,0
22360,"Z",19,26,8,1,16,0
462640,"Z",1,36,14,2,12,0
20000,"Z",11,50,32,1,33,0
24940,"M",13,29,11,1,28,0
80000,"Z",7,35,16,1,43,0
180000,"M",16,38,20,0,100,0
25800,"Z",20,30,12,1,19,0
48004,"Z",15,31,13,0,20,0
85000,"M",6,20,2,1,31,0
41280,"M",21,48,30,1,16,0
170000,"M",13,34,16,0,100,0
334132,"Z",19,26,7,1,100,0
40420,"M",20,47,28,0,12,1
155000,"M",7,21,2,0,100,0
25000,"Z",9,44,26,2,9,0
26660,"Z",14,31,11,1,12,0
60000,"Z",18,54,36,0,15,0
275000,"M",7,39,19,1,100,1
51600,"Z",21,60,41,5,19,0
173464,"M",16,65,47,2,100,0
60000,"M",19,35,15,0,17,1
30100,"M",5,35,17,2,100,1
180000,"M",14,42,24,1,100,0
62753,"M",12,36,17,2,24,0
19780,"Z",14,23,5,1,100,0
280000,"Z",16,19,0,3,100,1
85000,"M",19,51,33,0,15,0
22360,"Z",18,26,7,1,25,0
10000,"Z",18,28,9,1,11,0
225000,"M",17,66,47,3,100,0
25800,"Z",20,30,12,0,27,0
308425,"Z",9,24,5,2,33,0
175000,"M",12,54,36,2,100,0
23220,"Z",4,27,9,4,11,1
180000,"Z",5,25,7,3,100,0
25854,"Z",14,25,7,2,100,0
55900,"M",19,65,47,0,15,0
60000,"Z",5,44,25,0,21,1
25000,"Z",5,65,47,0,12,0
20640,"Z",4,24,6,0,100,0
115000,"M",1,62,44,0,100,0
514032,"Z",3,40,21,1,100,0
24080,"Z",14,28,9,3,17,0
62759,"Z",15,37,17,0,100,1
75000,"Z",14,32,13,0,11,0
35260,"Z",7,41,23,1,100,0
20000,"M",7,37,18,0,9,0
158694,"Z",1,61,43,0,8,0
52460,"Z",19,61,43,0,24,0
45000,"Z",4,36,16,1,28,0
260000,"M",11,30,11,4,100,0
22360,"M",1,26,5,4,100,0
175000,"M",8,62,43,3,100,0
20000,"M",21,61,42,1,19,0
31820,"Z",20,37,19,3,28,0
11097,"M",9,21,3,3,47,0
60000,"Z",7,33,14,3,10,0
22360,"Z",7,26,7,0,100,0
235000,"M",10,22,4,1,100,0
33236,"M",20,28,9,1,13,0
26660,"M",18,31,12,0,100,0
385533,"M",16,30,12,1,22,1
255000,"Z",14,62,44,1,100,0
42140,"Z",4,49,31,0,13,0
80000,"Z",9,54,34,1,21,0
3e+05,"Z",8,24,6,1,100,0
27520,"Z",12,32,14,0,100,0
95970,"Z",4,44,26,1,100,1
75000,"M",1,47,29,3,17,0
18060,"Z",6,21,2,3,21,1
150000,"M",18,67,47,2,100,1
462636,"M",8,36,18,3,100,0
19780,"Z",20,23,2,1,100,0
70000,"M",15,30,10,2,17,0
120000,"Z",14,47,28,1,100,0
57620,"M",12,67,47,1,18,0
255000,"M",20,26,7,2,100,0
20000,"Z",9,49,31,1,10,1
44720,"Z",6,52,34,1,19,0
73825,"Z",2,38,20,2,35,0
70000,"M",11,22,4,3,27,0
30960,"M",4,36,17,0,100,0
210000,"M",12,26,7,3,100,1
129177,"M",11,55,35,1,40,0
39560,"Z",11,46,26,1,100,1
150000,"M",7,25,6,2,100,0
40000,"M",18,22,2,2,23,1
26660,"M",5,31,11,1,20,0
35000,"Z",1,44,24,1,29,1
270000,"M",15,62,40,1,100,0
33540,"M",5,39,20,1,100,0
346995,"Z",18,27,8,0,26,0
25000,"Z",18,65,47,1,7,0
23220,"M",3,27,9,3,28,0
150000,"M",20,31,13,1,100,0
70148,"M",19,41,19,2,14,0
30960,"M",15,36,17,2,100,0
1e+05,"M",9,32,14,0,17,0
250000,"M",14,32,11,1,100,0
27520,"M",1,32,14,0,100,0
15000,"M",9,36,17,1,12,0
501178,"Z",21,39,21,1,28,0
24080,"M",4,28,6,1,17,0
44305,"M",20,31,12,2,24,0
30000,"Z",15,50,28,2,13,0
33540,"M",5,39,18,2,28,0
35000,"Z",3,25,6,0,28,0
14791,"M",7,22,4,1,100,0
19780,"M",19,23,3,3,100,0
30000,"Z",4,44,25,1,40,0
150000,"Z",17,48,28,3,100,0
29240,"M",21,34,16,0,16,0
35000,"Z",10,56,38,1,12,0
150000,"Z",18,31,11,4,100,0
23220,"Z",13,27,7,4,100,0
70139,"M",8,37,19,0,18,0
175000,"M",15,26,8,1,100,0
34400,"Z",19,40,22,2,25,0
10000,"M",7,65,47,2,27,0
22166,"M",4,28,6,2,15,0
24940,"M",10,29,11,2,23,0
359832,"Z",14,28,10,1,100,0
70000,"M",3,58,39,0,22,0
24080,"Z",7,28,6,1,100,0
175000,"Z",15,37,18,4,100,0
105000,"M",3,41,23,1,100,0
50740,"Z",8,59,41,1,21,1
3718,"M",11,20,1,5,100,0
105000,"Z",7,40,22,1,100,0
21500,"Z",21,25,6,0,100,0
1e+05,"M",7,37,19,1,20,0
436941,"Z",12,34,12,1,100,1
23220,"M",17,27,7,1,15,0
270000,"M",10,66,47,3,100,0
20000,"M",19,25,7,0,8,0
26660,"Z",15,31,10,0,6,0
80000,"M",17,31,12,2,17,0
30000,"Z",2,35,17,1,21,0
50740,"Z",15,59,41,1,30,0
25862,"M",16,29,7,0,100,0
35000,"Z",13,41,23,1,15,0
49880,"M",3,58,40,1,100,0
25000,"Z",9,38,19,1,16,0
73828,"Z",3,41,20,1,26,0
24940,"M",11,29,11,1,18,1
175000,"Z",9,32,14,0,100,0
55000,"Z",19,38,20,1,32,0
29240,"Z",14,34,16,1,9,0
270000,"Z",9,22,4,3,100,0
75000,"M",20,33,12,2,23,0
49020,"Z",12,57,39,2,40,0
552576,"Z",20,43,22,2,17,1
75000,"M",8,22,4,3,30,0
51600,"M",18,60,38,2,100,0
75000,"M",7,44,24,1,39,0
66450,"M",2,36,18,0,100,0
27520,"M",14,32,12,1,24,0
180000,"Z",14,30,12,2,100,0
235000,"Z",14,33,13,0,100,0
50740,"M",4,59,41,1,24,0
175000,"Z",2,64,45,1,100,0
385537,"Z",10,30,10,0,15,0
24080,"M",20,28,10,1,100,0
62753,"M",6,35,17,2,27,0
25000,"Z",13,39,21,2,19,0
27520,"M",14,32,13,0,100,0
65000,"Z",19,52,34,1,28,0
103346,"M",18,46,28,0,100,0
55040,"M",11,64,44,1,100,1
75000,"Z",1,40,22,3,16,0
75000,"M",3,35,17,1,19,0
41280,"M",17,48,30,1,23,0
25000,"M",15,52,32,1,5,1
70000,"M",19,28,10,0,27,0
26660,"M",17,31,13,0,16,0
129177,"M",1,54,35,0,100,0
275000,"M",9,22,4,1,100,0
28380,"M",9,33,15,0,7,0
115000,"M",3,32,13,2,100,0
48008,"M",8,33,13,0,10,0
50740,"M",18,59,40,2,100,1
295581,"M",16,23,5,2,31,0
15000,"Z",15,51,33,1,31,0
25800,"Z",7,30,12,1,100,0
45000,"M",5,62,44,1,25,0
65000,"Z",20,27,7,1,27,0
52460,"M",3,61,42,0,17,0
81213,"Z",4,40,22,1,12,0
115000,"Z",15,20,1,1,100,1
53320,"Z",18,62,44,0,17,0
80000,"M",2,61,40,1,14,0
269882,"M",1,21,3,1,27,0
51600,"M",6,60,42,1,100,0
60000,"M",5,66,48,1,28,0
145000,"M",2,31,12,2,100,1
20640,"Z",4,24,6,3,29,0
240000,"M",8,51,33,2,100,0
75000,"Z",9,51,32,2,10,0
29240,"M",2,34,16,0,100,0
99660,"M",21,45,27,2,18,0
120000,"M",16,40,19,1,100,0
55900,"M",7,65,47,2,100,0
10000,"Z",17,61,43,1,13,0
40614,"M",14,29,11,1,100,0
49880,"M",6,58,40,0,23,0
105000,"Z",8,61,43,1,100,0
15000,"M",11,42,22,2,20,0
41280,"Z",3,48,28,1,100,0
20000,"Z",11,32,14,2,22,0
65000,"M",12,33,13,1,23,0
25800,"Z",13,30,12,0,7,0
359832,"Z",20,28,10,1,100,1
120000,"M",18,34,16,2,100,0
24940,"M",13,29,10,2,17,0
80000,"Z",13,40,21,1,18,0
166077,"M",7,63,45,2,100,0
41280,"Z",12,48,30,2,22,1
70000,"Z",20,45,23,1,21,0
70000,"Z",16,66,47,1,29,0
49880,"Z",7,58,39,4,30,0
175000,"Z",1,58,40,0,100,0
514032,"M",15,40,20,1,14,0
52460,"Z",21,61,43,0,10,0
14790,"M",18,25,4,1,19,0
120000,"M",11,24,5,1,100,0
28380,"Z",19,33,14,0,23,0
260000,"Z",6,60,42,1,100,0
47990,"M",21,32,13,0,100,0
22360,"M",15,26,6,0,13,0
65000,"Z",16,41,21,2,10,0
60000,"Z",7,59,41,1,24,0
54180,"Z",20,63,43,2,100,0
75000,"M",5,68,49,1,34,0
60000,"Z",8,44,24,0,33,0
36980,"M",2,43,23,3,100,0
77513,"M",9,43,21,1,34,0
120000,"Z",7,33,13,3,100,0
52460,"Z",21,61,43,1,100,0
120000,"M",16,33,15,3,100,0
118109,"M",9,54,32,1,100,0
24940,"M",3,29,10,0,14,0
346982,"Z",13,27,9,2,18,1
30000,"Z",15,35,17,3,14,0
35260,"Z",2,41,21,0,23,0
65000,"M",8,68,47,1,12,0
120000,"Z",19,29,9,1,100,0
55900,"M",11,65,47,1,100,0
103346,"Z",20,49,28,2,18,0
60000,"M",10,34,16,4,23,0
49880,"M",13,58,39,1,100,0
175000,"Z",16,27,7,1,100,0
822430,"M",11,64,45,1,100,0
38700,"Z",4,45,26,1,34,0
80000,"M",6,40,22,2,7,0
235000,"M",7,30,12,1,100,0
38700,"Z",8,45,27,1,15,0
45000,"M",4,36,16,1,24,0
55000,"Z",18,47,29,1,28,0
52460,"Z",19,61,42,3,21,0
92267,"M",13,46,25,3,36,0
285000,"M",3,47,28,1,100,0
31820,"Z",6,37,17,2,100,0
70000,"M",15,55,35,1,20,1
3722,"M",6,20,1,0,100,0
17200,"M",7,20,2,3,24,0
25000,"Z",1,30,8,0,14,0
240000,"M",21,48,30,0,100,0
31820,"Z",13,37,17,1,20,0
55000,"Z",19,47,29,0,23,1
65000,"Z",19,63,45,0,25,0
36980,"M",9,43,25,3,17,0
436937,"Z",21,34,15,2,16,0
65000,"Z",7,65,44,1,26,1
34400,"Z",2,40,22,1,100,0
80000,"Z",14,48,30,2,12,0
162385,"M",6,62,44,2,19,0
54180,"Z",20,63,44,3,16,1
255000,"M",19,21,3,2,100,0
80000,"M",6,63,43,3,37,0
22360,"Z",19,26,8,1,22,0
65000,"Z",4,56,37,1,21,0
526880,"M",6,41,21,3,8,0
47300,"M",8,55,37,2,100,0
70131,"Z",5,37,19,0,11,0
80000,"M",13,40,22,2,35,0
47300,"M",15,55,36,0,19,0
280000,"M",10,41,22,0,100,0
55379,"Z",20,35,15,2,18,0
54180,"Z",4,63,45,2,31,1
20000,"Z",17,38,17,1,31,1
25000,"M",18,25,7,1,13,0
19780,"M",7,23,5,0,100,0
55000,"M",6,30,10,1,34,0
70000,"M",20,63,45,2,16,0
47300,"Z",5,55,37,1,17,0
44314,"Z",2,31,12,4,19,0
1e+05,"M",20,63,45,1,45,0
24080,"M",16,28,10,0,23,0
5000,"Z",2,44,26,2,12,0
25855,"Z",6,26,7,2,21,1
19780,"M",21,23,5,3,27,0
475484,"Z",2,37,19,1,13,0
105000,"M",14,28,10,1,100,0
36980,"M",17,43,25,2,100,0
30000,"Z",16,23,5,0,22,0
1e+05,"M",14,22,4,2,37,1
28380,"Z",15,33,14,1,9,0
44306,"Z",15,31,12,1,100,0
35000,"Z",6,63,45,1,26,0
36980,"M",11,43,25,1,100,0
85000,"M",16,29,10,1,32,0
346987,"Z",7,27,7,4,31,0
57620,"M",12,67,49,3,18,0
155000,"Z",15,50,31,1,100,0
65000,"M",13,32,14,1,13,0
36120,"M",16,42,24,3,14,0
85000,"M",1,61,41,3,23,0
170000,"M",1,61,41,1,100,0
43860,"M",4,51,32,5,26,0
70130,"M",21,37,19,4,27,0
65000,"Z",3,63,45,2,14,0
29240,"Z",8,34,16,1,18,0
295000,"Z",17,38,18,0,100,0
11092,"M",7,22,3,2,25,0
23220,"Z",12,27,9,1,100,0
65000,"Z",21,33,12,2,16,0
175000,"M",10,27,9,2,100,0
20640,"Z",18,24,6,1,9,1
80000,"Z",19,29,11,1,12,0
70000,"M",8,24,3,1,23,0
34400,"Z",21,40,20,0,13,0
436937,"Z",1,34,13,1,17,0
245000,"Z",11,32,11,1,100,0
55900,"M",13,65,47,2,100,0
280000,"Z",21,27,9,1,100,0
25859,"Z",8,25,7,3,100,0
21500,"M",2,25,7,1,100,0
3e+05,"M",8,24,4,1,100,1
70000,"M",6,36,18,2,19,1
44720,"Z",6,52,33,0,17,0
65000,"M",14,23,5,1,27,0
591141,"M",13,46,25,2,18,0
42140,"M",11,49,31,1,100,1
173454,"M",11,65,47,1,25,1
25000,"M",18,35,16,1,27,0
21500,"M",10,25,6,2,100,0
55000,"Z",15,41,21,3,17,0
29552,"M",15,26,8,0,13,0
43860,"M",6,51,31,1,30,0
180000,"M",6,21,1,1,100,1
175000,"M",3,26,8,1,100,0
18920,"M",15,22,4,2,34,1
295000,"M",13,31,12,1,100,1
120000,"M",12,31,13,1,100,0
23220,"M",21,27,5,1,100,0
18481,"Z",14,23,5,0,16,0
65000,"Z",14,40,20,0,20,0
30960,"M",21,36,18,1,11,0
225000,"Z",6,25,6,2,100,0
92277,"Z",3,43,25,0,24,0
54180,"Z",15,63,43,1,25,0
771030,"Z",4,60,41,2,16,0
175000,"Z",13,39,20,0,100,0
28380,"Z",1,33,15,2,26,0
155000,"M",7,60,41,1,100,0
155000,"M",12,24,5,3,100,0
27520,"Z",14,32,13,1,16,0
70149,"Z",8,39,19,2,100,0
270000,"Z",1,54,36,3,100,0
24940,"Z",18,29,9,1,100,1
60000,"Z",18,25,5,0,15,0
308431,"M",4,24,3,2,100,0
31820,"M",13,37,17,1,100,0
80000,"M",8,31,12,1,23,0
60000,"M",14,71,51,2,11,1
25800,"M",2,30,9,1,100,0
225000,"Z",18,23,5,0,100,0
210000,"M",4,31,13,0,100,0
20640,"M",17,24,6,1,100,0
99654,"Z",18,46,27,1,23,0
150000,"M",1,59,41,0,100,0
26660,"M",21,31,10,0,16,1
35000,"M",6,26,6,2,22,0
25857,"Z",14,25,7,0,100,0
52460,"M",13,61,42,3,36,0
60000,"M",4,43,25,3,17,0
25000,"Z",13,37,17,3,14,1
20640,"M",4,24,5,0,25,0
260000,"M",20,53,35,0,100,0
125000,"M",10,39,21,0,100,0
26660,"Z",10,31,12,2,100,0
591128,"M",5,46,28,3,100,0
385000,"M",16,33,13,0,100,0
40420,"Z",16,47,29,2,33,0
175000,"Z",12,56,38,1,100,0
29539,"Z",5,26,8,1,100,1
17200,"Z",1,20,2,3,13,1
3e+05,"Z",6,25,6,0,100,0
35000,"Z",8,43,24,3,21,0
18060,"Z",10,21,3,2,16,0
40000,"Z",12,32,13,1,24,0
796732,"Z",2,62,43,1,36,0
36120,"M",16,42,24,1,13,0
51693,"M",13,32,14,2,100,0
230000,"M",15,29,9,1,100,0
35260,"Z",6,41,23,1,100,0
250000,"M",3,35,17,2,100,0
55378,"M",13,34,15,1,21,0
55040,"M",6,64,45,0,14,1
415000,"M",8,63,45,0,100,0
60000,"Z",10,35,16,0,15,0
35260,"Z",14,41,23,1,15,0
70000,"M",14,64,45,2,32,0
60000,"Z",6,48,30,2,23,0
24080,"M",9,28,7,3,14,0
44301,"Z",14,34,12,2,18,0
150000,"M",7,61,43,1,100,1
21500,"M",10,25,7,0,100,0
235000,"M",4,31,12,2,100,0
33232,"M",20,27,9,1,100,0
50740,"M",21,59,41,0,15,0
616832,"M",12,48,30,0,20,0
170000,"Z",1,24,5,3,100,0
27520,"Z",12,32,13,1,51,1
120000,"Z",19,25,7,1,100,0
80000,"M",14,45,27,1,14,0
18920,"M",21,22,4,1,100,0
36925,"Z",18,28,10,0,8,0
175000,"M",15,26,6,0,100,0
25800,"M",3,30,12,1,19,0
175000,"M",3,25,3,2,100,1
372682,"M",20,29,9,2,18,0
37840,"M",18,44,25,3,33,0
240000,"M",19,55,35,1,100,0
120000,"M",18,27,9,1,100,0
19780,"Z",19,23,4,1,100,0
75000,"M",18,65,47,0,28,0
285000,"Z",11,26,8,1,100,0
30100,"Z",18,35,14,3,100,1
158689,"M",8,61,43,2,17,0
170000,"M",8,25,6,1,100,1
53320,"M",8,62,43,2,11,0
180000,"M",19,39,20,0,100,0
166075,"Z",6,65,45,3,100,0
24080,"Z",13,28,10,0,11,0
75000,"M",3,38,20,0,20,0
270000,"M",16,38,20,0,100,0
24080,"M",10,28,8,1,100,0
265000,"M",5,59,41,0,100,0
175000,"Z",10,23,5,2,100,0
55900,"M",21,65,45,0,100,0
411236,"M",7,32,12,2,6,0
220000,"Z",10,60,42,2,100,0
21500,"M",4,25,7,1,32,0
3e+05,"M",14,63,43,0,100,1
147631,"M",11,60,40,1,100,0
29240,"M",17,34,16,2,100,0
105000,"M",6,62,44,0,100,0
20000,"M",4,63,44,1,35,0
33540,"Z",7,39,20,1,100,0
120000,"M",14,65,47,3,100,0
591133,"Z",7,46,28,2,41,0
26660,"Z",15,31,13,0,17,0
29544,"Z",12,29,8,1,12,1
20000,"Z",13,25,4,0,13,0
55040,"Z",8,64,45,0,18,0
85000,"M",2,37,18,1,10,0
29549,"Z",17,26,8,2,100,0
28380,"M",5,33,13,2,100,0
25000,"M",18,58,40,1,11,0
45000,"M",6,61,41,1,19,0
26660,"M",12,31,13,0,26,1
3e+05,"M",17,61,41,0,100,0
85000,"Z",1,49,31,2,15,0
29240,"M",4,34,15,1,18,0
33232,"Z",1,27,9,1,23,1
30000,"M",15,39,21,3,27,0
47300,"M",8,55,37,0,24,0
75000,"M",6,66,47,3,22,0
36929,"M",9,28,10,1,100,0
55900,"Z",20,65,47,1,19,0
346979,"M",11,27,9,4,100,1
180000,"Z",7,31,12,2,100,1
45580,"Z",12,53,33,3,10,0
255000,"Z",12,59,41,0,100,0
35000,"Z",18,66,45,0,28,0
36120,"Z",18,42,20,2,10,0
103342,"M",3,46,28,1,9,0
65000,"M",17,40,22,2,11,1
30100,"M",6,35,17,1,100,0
70000,"Z",8,26,8,2,11,0
385529,"Z",11,30,10,1,14,1
23220,"M",14,27,9,1,100,0
85000,"M",5,24,6,0,30,0
35000,"Z",17,28,10,2,11,0
16340,"M",3,19,1,2,28,0
85000,"M",12,30,11,3,13,1
70000,"M",4,25,7,0,28,1
56760,"M",16,66,47,3,100,1
147639,"Z",8,60,40,1,22,0
145000,"M",14,31,12,0,100,0
55900,"M",21,65,47,1,23,0
175000,"Z",7,46,28,3,100,1
70141,"M",10,39,19,3,100,0
41280,"M",8,48,27,1,100,0
25000,"M",9,35,14,1,16,0
1e+05,"Z",18,39,19,1,15,0
24080,"M",15,28,10,1,31,0
120000,"M",20,35,16,1,100,0
85000,"Z",14,34,13,3,19,1
55900,"M",14,65,45,0,19,0
321282,"M",7,25,6,2,100,1
85000,"Z",14,43,22,0,40,0
56760,"M",5,66,45,0,16,0
25000,"M",1,56,38,0,11,0
140252,"M",7,56,38,0,11,0
40420,"M",15,47,28,1,27,0
80000,"Z",3,59,41,1,17,0
125000,"M",21,41,21,1,100,0
25800,"M",9,30,12,0,24,0
265000,"M",21,26,8,2,100,0
436928,"M",1,34,15,1,100,0
54180,"Z",14,63,41,1,100,0
118104,"M",14,52,32,3,100,0
40000,"M",5,43,24,2,30,1
57620,"M",9,67,47,0,24,0
125000,"Z",1,35,15,0,100,0
18474,"M",1,23,5,1,25,0
37840,"M",15,44,26,1,27,0
70000,"Z",2,28,10,0,12,0
65000,"M",14,38,18,0,27,0
22360,"Z",1,26,8,1,100,0
250000,"Z",20,23,5,3,100,0
65000,"M",15,56,37,0,12,0
21500,"Z",5,25,7,2,100,0
14788,"M",1,22,4,3,100,0
115000,"M",16,34,16,3,100,0
34400,"Z",21,40,18,0,100,0
35000,"Z",19,36,18,2,19,1
33238,"Z",1,31,9,2,100,0
34400,"Z",1,40,22,0,100,1
783891,"M",11,61,43,1,17,1
215000,"Z",7,54,34,2,100,0
36120,"M",14,42,21,0,100,0
305000,"Z",1,65,47,0,100,0
235000,"Z",12,20,1,3,100,0
27520,"Z",19,32,11,3,100,0
88594,"M",5,42,24,3,20,0
180000,"M",6,42,21,1,100,0
26660,"Z",7,31,13,2,36,0
170000,"M",14,29,11,0,100,0
899532,"Z",19,70,50,3,100,0
33540,"M",10,39,20,3,11,0
230000,"M",21,31,12,0,100,0
15000,"Z",10,44,26,3,27,0
36120,"Z",9,42,24,1,100,0
95000,"Z",21,52,34,1,26,0
20000,"M",18,52,32,1,16,0
42140,"M",10,49,30,1,100,0
33240,"Z",11,30,9,2,30,0
75000,"Z",1,40,21,0,28,0
32680,"Z",15,38,20,3,18,0
70000,"Z",13,33,14,0,12,0
25853,"M",13,26,7,1,21,0
56760,"M",8,66,47,3,11,0
15000,"Z",10,22,0,0,31,0
1e+05,"Z",9,34,13,0,27,0
25800,"Z",18,30,12,0,13,1
105000,"M",9,30,10,0,100,1
80000,"Z",12,37,19,1,15,0
55900,"M",20,65,47,1,100,0
346978,"M",19,27,9,1,21,0
60000,"M",3,46,26,3,21,0
28380,"M",6,33,15,2,17,0
70000,"M",15,29,11,2,20,0
158690,"Z",13,61,43,1,16,0
55900,"Z",17,65,44,0,38,0
10000,"M",2,25,7,0,7,0
10000,"M",5,55,37,1,10,0
59340,"Z",9,69,49,1,100,0
85000,"M",9,32,14,1,9,0
372682,"M",5,29,11,0,27,1
54180,"M",5,63,42,0,9,0
29550,"M",9,28,8,1,15,0
105000,"M",3,46,28,1,100,0
30960,"Z",19,36,18,2,100,0
80000,"M",6,22,4,4,7,0
143934,"Z",18,57,39,0,100,0
53320,"M",21,62,44,2,100,0
75000,"M",7,59,39,0,29,0
285000,"M",1,64,45,3,100,0
35260,"M",18,41,19,0,16,0
150000,"Z",21,31,12,3,100,0
25000,"M",8,42,24,2,32,0
21500,"M",2,25,5,3,31,0
84897,"M",8,41,23,0,36,0
120000,"Z",1,39,21,1,100,0
30960,"M",10,36,17,2,20,0
75000,"Z",1,32,13,1,16,0
81207,"Z",16,40,22,1,100,0
32680,"Z",18,38,20,0,100,0
372679,"Z",13,29,10,2,100,0
75000,"M",3,28,10,1,24,0
51600,"M",17,60,41,3,100,0
70000,"M",15,28,10,0,30,1
25000,"M",11,58,39,0,11,0
36120,"Z",3,42,23,0,37,0
47993,"M",2,32,13,0,28,1
30000,"M",19,31,12,1,19,0
24940,"M",8,29,10,2,27,0
105000,"Z",13,33,14,0,100,0
346983,"Z",14,27,8,0,16,0
26660,"Z",10,31,12,1,100,0
25000,"M",9,68,49,1,37,0
60000,"M",7,28,10,1,34,0
43860,"Z",10,51,29,3,20,1
205000,"M",5,58,36,0,100,0
290000,"Z",11,47,27,1,100,0
26660,"M",13,31,11,1,23,1
162392,"Z",14,65,44,1,100,1
35000,"Z",19,61,43,3,11,0
32680,"M",7,38,19,0,100,0
20000,"M",19,65,47,0,12,0
184532,"Z",21,68,50,1,100,0
31820,"M",18,37,17,0,14,0
65000,"Z",21,23,5,1,7,0
75000,"M",20,29,11,0,27,0
32680,"M",20,38,20,1,100,0
1e+05,"M",18,39,21,0,16,0
20000,"M",19,36,18,1,26,1
19780,"M",8,23,5,1,100,0
398380,"M",11,31,13,2,13,0
35000,"Z",12,33,15,1,21,0
35260,"M",17,41,23,2,17,1
175000,"Z",5,47,29,1,100,0
88593,"M",11,46,24,4,33,0
32680,"Z",15,38,20,4,100,0
1e+05,"M",20,62,44,1,100,0
290000,"M",4,40,22,0,100,0
46440,"M",17,54,36,2,100,0
145000,"Z",7,66,47,2,100,0
488332,"M",16,38,20,3,38,0
55040,"M",2,64,45,1,29,0
36927,"M",14,28,10,1,21,0
30000,"M",18,27,8,1,24,0
37840,"Z",14,44,24,0,14,0
70000,"Z",18,47,26,3,10,0
55381,"M",7,35,15,2,28,1
24080,"M",3,28,7,2,14,0
1e+05,"M",3,33,15,1,23,0
30000,"M",2,46,28,2,21,1
49880,"M",4,58,37,0,18,0
65000,"M",7,62,43,0,21,0
35000,"M",2,37,18,1,26,0
18920,"Z",21,22,4,1,24,0
18481,"M",19,25,5,0,28,0
60000,"Z",3,34,14,4,18,0
31820,"M",14,37,19,0,27,0
175000,"M",12,39,21,2,100,0
33234,"M",11,30,9,1,18,0
39560,"Z",16,46,28,1,100,0
565440,"Z",14,44,23,3,100,0
60000,"M",3,33,15,0,18,0
55900,"Z",15,65,47,0,100,0
175000,"Z",7,24,6,0,100,0
35000,"Z",18,38,19,1,9,0
56760,"Z",13,66,47,0,20,0
36925,"Z",11,30,10,2,16,0
80000,"M",16,26,8,1,19,0
31820,"M",16,37,19,1,13,0
145000,"M",10,31,13,0,100,0
308432,"M",12,24,5,2,14,1
28380,"M",1,33,13,2,31,0
35000,"M",4,28,10,4,21,0
105000,"Z",19,28,10,0,100,0
43860,"Z",7,51,32,0,100,0
3e+05,"Z",17,49,30,1,100,0
125000,"Z",18,23,5,1,100,0
22360,"M",9,26,8,0,20,0
121798,"M",18,53,33,3,14,0
25000,"Z",2,29,11,3,13,0
16340,"Z",15,19,1,2,100,0
70000,"Z",7,62,43,1,12,0
33237,"M",21,27,9,1,32,0
24940,"Z",17,29,11,2,9,0
45000,"M",16,30,12,0,13,0
70000,"M",7,48,29,1,36,0
36120,"Z",18,42,22,0,100,0
65000,"M",2,21,3,1,27,0
270000,"M",10,64,45,2,100,0
18060,"Z",15,21,3,1,21,1
732486,"Z",19,57,38,1,16,0
1e+05,"Z",1,22,4,0,20,0
38700,"M",7,45,25,3,28,0
175000,"M",6,38,20,0,100,0
25866,"M",9,25,7,3,27,0
57620,"M",18,67,45,3,100,0
85000,"M",14,30,12,1,31,0
145000,"Z",8,21,3,1,100,0
59340,"M",16,69,47,0,22,0
20000,"Z",14,61,39,2,25,1
835283,"Z",8,65,47,3,100,0
23220,"Z",10,27,9,2,24,0
62765,"M",6,35,17,1,100,1
175000,"Z",6,36,16,1,100,1
24080,"Z",7,28,10,1,14,0
85000,"Z",7,42,23,3,28,1
59066,"Z",9,34,16,0,11,1
49020,"Z",16,57,38,2,11,0
75000,"M",12,44,24,1,13,0
285000,"M",19,30,11,2,100,0
33540,"Z",5,39,21,1,100,1
80000,"M",18,38,17,0,12,0
85000,"M",3,46,28,0,21,0
28380,"M",12,33,14,0,17,0
3714,"M",9,20,1,2,100,0
240000,"Z",6,40,22,3,100,0
55900,"M",6,65,47,2,37,0
30000,"M",14,54,36,2,11,0
66451,"M",1,36,18,2,21,0
31820,"M",5,37,19,0,100,0
539731,"Z",7,42,22,3,100,0
70000,"M",21,34,14,0,15,0
26660,"M",11,31,13,1,13,0
275000,"M",12,28,10,0,100,1
10000,"Z",13,63,44,1,22,0
18920,"Z",10,22,3,1,100,1
25856,"M",21,25,7,2,20,0
20000,"M",15,33,15,1,27,0
24940,"M",14,29,10,2,13,0
120000,"Z",18,30,11,0,100,0
334135,"M",12,26,6,1,100,0
21500,"M",14,25,7,2,13,0
150000,"Z",14,67,49,3,100,0
180000,"M",4,67,47,1,100,0
26660,"Z",8,31,13,0,100,0
10000,"Z",18,54,36,2,18,0
180000,"Z",10,26,8,1,100,0
50740,"M",14,59,41,3,100,0
25863,"M",17,26,7,0,22,0
35000,"M",3,26,7,1,13,0
40420,"Z",21,47,27,0,31,0
215000,"Z",8,26,6,1,100,0
158698,"M",6,61,43,0,100,0
21500,"Z",12,25,7,0,100,0
85000,"M",1,49,27,0,21,0
75000,"M",12,46,27,1,33,0
44720,"M",1,52,33,2,30,0
15000,"M",6,29,9,1,28,0
30000,"Z",2,33,14,2,14,0
48160,"M",5,56,38,3,28,1
308431,"M",2,24,6,3,33,0
15000,"M",21,66,45,5,9,0
33540,"Z",2,39,20,2,25,0
120000,"M",8,25,6,1,100,1
29553,"M",21,30,8,0,26,0
23220,"Z",17,27,9,0,22,0
230000,"M",19,63,44,5,100,1
15000,"Z",13,36,17,0,24,0
28380,"M",12,33,11,1,10,0
180000,"Z",1,19,1,0,100,0
565430,"M",18,44,26,1,5,0
20640,"M",16,24,4,3,13,0
173455,"M",7,67,47,1,35,0
265000,"M",7,39,21,1,100,0
49880,"M",17,58,40,2,100,0
95000,"Z",4,50,32,1,14,0
121793,"Z",15,51,33,0,100,0
17200,"M",14,20,2,1,21,0
125000,"Z",16,38,18,1,100,1
70000,"M",19,27,7,1,30,0
18920,"Z",18,22,4,3,29,0
205000,"M",9,62,40,0,100,0
120000,"M",16,60,41,3,100,1
24940,"M",9,29,9,2,100,0
25856,"M",16,25,7,1,28,0
25000,"Z",4,26,8,2,25,0
54180,"M",1,63,43,1,20,1
20000,"Z",14,32,13,1,27,0
173455,"M",10,67,47,1,100,0
53320,"M",4,62,44,1,25,0
603982,"M",18,47,29,3,100,0
25000,"Z",5,65,47,1,12,0
33540,"M",3,39,18,3,100,0
55000,"M",19,59,41,1,23,0
25000,"M",15,46,27,1,23,0
24940,"M",18,29,10,1,28,0
125479,"Z",10,52,34,1,24,1
205000,"M",1,60,40,1,100,0
19780,"M",1,23,5,1,100,0
125000,"M",12,44,26,0,100,0
372677,"Z",14,29,11,1,18,0
33540,"M",14,39,21,3,10,0
1e+05,"Z",7,59,41,1,12,0
70000,"Z",17,61,43,2,14,0
56760,"Z",9,66,45,1,14,0
20000,"Z",3,28,9,2,24,0
80000,"Z",15,63,44,2,22,0
51600,"M",8,60,41,3,15,0
36933,"M",11,28,10,1,26,0
20000,"Z",14,29,11,0,28,0
47300,"Z",9,55,35,1,100,0
25000,"M",20,43,25,0,8,0
162392,"Z",15,62,44,0,11,0
32680,"M",6,38,18,2,17,0
10000,"M",13,26,8,0,15,0
180000,"M",4,24,6,1,100,0
20640,"M",4,24,6,3,30,0
1e+05,"Z",13,48,29,2,25,0
155000,"M",20,65,47,0,100,0
52460,"M",21,61,43,2,24,0
385529,"Z",10,30,11,1,14,0
120000,"M",20,40,22,2,100,0
27520,"M",2,32,13,0,100,1
25000,"Z",15,34,16,2,20,0
84900,"M",18,42,23,4,27,0
55040,"M",5,64,45,4,11,0
60000,"M",6,37,18,3,23,0
35000,"M",16,65,44,1,16,0
20640,"M",14,24,6,2,20,0
65000,"M",19,25,6,0,19,0
359834,"Z",19,28,6,0,30,0
23220,"M",19,27,8,3,100,0
44316,"M",3,30,12,1,100,0
5000,"M",8,29,9,0,23,0
21500,"M",10,25,7,0,29,0
65000,"M",18,48,30,1,30,0
70138,"M",14,37,19,3,100,0
24080,"Z",7,28,8,1,100,0
75000,"M",11,38,20,1,17,0
205000,"Z",12,27,8,0,100,0
26660,"Z",17,31,13,0,100,0
105000,"M",6,42,24,2,100,1
240000,"M",17,39,21,3,100,0
41280,"Z",2,48,30,0,100,0
33233,"Z",18,27,9,0,100,0
15000,"Z",14,60,41,2,17,0
24080,"M",18,28,10,1,19,0
150000,"Z",4,29,9,1,100,0
66449,"M",11,37,18,1,17,0
43000,"Z",21,50,31,1,18,0
552588,"M",9,43,22,1,100,0
60000,"M",6,27,9,1,25,0
55900,"Z",18,65,47,1,24,0
155000,"M",13,28,10,3,100,1
25000,"Z",14,41,23,2,17,0
30960,"M",2,36,16,1,21,0
22169,"M",2,24,6,4,100,1
1e+05,"M",2,39,21,3,22,0
36980,"M",20,43,25,0,19,0
85000,"M",10,36,18,1,23,1
449784,"M",14,35,16,1,15,0
31820,"M",9,37,17,1,100,0
70000,"Z",18,31,10,3,23,0
155000,"M",12,51,33,2,100,0
33540,"Z",21,39,21,3,100,0
75000,"M",15,42,23,2,32,0
75000,"M",21,39,21,0,23,0
19780,"Z",1,23,3,1,100,1
147628,"Z",18,59,40,1,19,1
75000,"Z",15,37,17,0,14,0
28380,"Z",6,33,13,1,100,1
70000,"Z",3,61,43,2,26,0
84903,"Z",12,42,23,0,30,0
34400,"M",20,40,21,1,26,0
180000,"M",12,33,14,0,100,0
75000,"M",21,54,35,2,20,0
41280,"M",12,48,30,3,100,1
1e+05,"Z",10,26,8,2,19,1
80000,"Z",19,36,17,1,20,0
36980,"M",17,43,24,1,100,0
424085,"Z",18,33,14,0,100,0
65000,"Z",17,41,21,1,33,0
30100,"Z",15,35,16,2,24,0
20000,"M",5,29,10,2,17,0
158699,"M",9,61,43,3,29,0
35260,"Z",19,41,22,2,31,0
125000,"M",19,49,31,3,100,0
295000,"M",14,23,5,3,100,1
51600,"Z",7,60,41,1,21,0
170000,"Z",16,24,6,1,100,0
668232,"M",11,52,32,0,41,0
22360,"M",19,26,8,2,20,0
151310,"M",9,59,41,1,22,0
10000,"M",6,67,47,0,31,0
24080,"M",14,28,10,3,100,0
70000,"M",9,39,20,1,26,0
88587,"M",20,43,24,4,22,0
41280,"M",7,48,28,2,100,0
20000,"M",3,27,9,3,12,0
80000,"M",1,64,43,0,37,0
18060,"Z",21,21,2,0,100,1
30000,"M",2,37,19,3,23,0
60000,"M",9,25,7,1,36,0
33540,"M",6,39,21,1,100,0
118109,"Z",4,51,32,1,100,0
1e+05,"Z",15,57,39,0,6,1
34400,"Z",7,40,22,1,100,0
65000,"Z",4,29,9,0,13,0
40628,"M",6,30,11,2,7,0
26660,"Z",15,31,12,3,9,0
424082,"M",8,33,14,4,13,0
75000,"M",9,31,13,0,11,0
49020,"Z",7,57,39,3,13,1
80000,"Z",6,67,47,0,9,0
60000,"M",13,54,35,2,5,0
20640,"M",13,24,6,4,33,0
18473,"Z",5,23,5,3,100,0
20000,"Z",14,18,0,0,10,1
30960,"M",14,36,18,0,18,0
210000,"M",4,28,6,1,100,0
346984,"M",21,27,8,0,100,0
56760,"M",4,66,47,0,13,0
150000,"Z",14,44,26,1,100,1
85000,"Z",15,30,9,2,14,0
53320,"Z",10,62,44,1,17,0
60000,"M",6,59,40,1,29,0
60000,"Z",19,41,23,1,31,0
19780,"M",12,23,4,1,100,0
129175,"Z",21,55,35,2,12,0
295000,"M",13,34,16,3,100,0
24940,"M",7,29,11,0,100,0
240000,"Z",17,65,47,4,100,0
55372,"M",20,34,15,2,28,0
53320,"Z",16,62,43,1,100,0
40000,"Z",8,32,13,1,30,0
290000,"Z",9,50,32,0,100,0
20640,"M",1,24,6,0,34,0
250000,"Z",16,29,11,2,100,0
10000,"Z",6,43,24,1,20,0
32680,"Z",8,38,20,2,100,0
385540,"M",9,30,10,1,13,0
85000,"Z",5,50,30,3,15,1
24940,"M",21,29,10,1,100,0
75000,"Z",21,26,8,2,45,0
51691,"M",14,34,14,1,19,0
23220,"Z",6,27,9,1,23,0
65000,"M",19,39,21,0,17,0
30000,"Z",8,32,14,3,11,0
50740,"M",3,59,40,1,19,0
65000,"M",21,57,39,0,20,0
591131,"Z",5,46,28,1,38,0
43860,"M",13,51,32,0,25,0
51691,"M",13,33,14,0,25,0
1e+05,"M",9,41,22,2,22,1
24940,"M",11,29,11,3,26,0
10000,"Z",20,63,43,2,26,0
29553,"Z",7,27,8,1,100,1
30960,"Z",18,36,17,1,100,0
40000,"M",20,29,10,1,25,0
5000,"M",12,47,28,2,17,0
24940,"Z",19,29,10,4,100,0
175000,"Z",21,25,7,2,100,1
240000,"M",4,61,43,3,100,0
30100,"M",12,35,16,1,22,0
66448,"M",17,36,18,0,15,0
20000,"M",10,27,9,1,33,0
30960,"Z",18,36,17,1,14,0
220000,"Z",5,64,45,2,100,0
18478,"Z",15,26,5,2,100,0
18920,"M",21,22,4,1,100,0
334128,"Z",5,26,8,1,25,0
15000,"Z",6,55,36,2,23,0
33540,"M",9,39,17,0,100,0
180000,"Z",4,61,42,3,100,0
25000,"M",2,29,11,1,7,0
38700,"M",12,45,26,0,9,0
140249,"M",14,58,38,3,100,0
85000,"M",11,20,1,2,28,0
55900,"M",20,65,47,2,30,0
155000,"Z",12,49,31,1,100,0
359831,"Z",20,28,10,1,14,1
56760,"Z",11,66,47,0,7,0
35000,"Z",14,47,29,1,12,0
210000,"M",9,66,47,2,100,0
25800,"M",13,30,12,0,25,0
75000,"Z",21,27,7,3,34,0
30000,"Z",13,34,15,1,29,0
31820,"M",20,37,19,0,14,0
162386,"M",12,62,44,3,29,0
70000,"M",4,39,21,2,18,0
30960,"Z",8,36,15,2,100,0
25000,"M",15,30,9,0,24,0
173464,"M",3,65,47,0,15,0
24080,"M",1,28,9,1,28,0
75000,"M",8,28,10,1,18,0
270000,"Z",3,26,7,1,100,0
47300,"M",10,55,36,1,100,0
175000,"M",6,29,11,0,100,0
245000,"M",12,34,14,1,100,0
23220,"M",14,27,7,3,25,0
449776,"Z",6,35,17,1,22,0
260000,"Z",18,60,41,3,100,0
18060,"M",16,21,2,1,20,0
65000,"M",16,30,11,1,16,0
73825,"Z",11,39,20,1,12,0
33540,"M",10,39,19,0,15,0
290000,"M",14,30,10,1,100,0
240000,"M",5,30,12,2,100,0
55900,"Z",18,65,47,1,41,1
155000,"Z",7,29,11,2,100,0
334139,"M",10,26,7,1,21,0
27520,"Z",15,32,13,1,21,0
155012,"M",10,60,42,0,31,0
70000,"M",18,36,17,0,24,0
48160,"M",17,56,38,1,100,1
85000,"M",13,63,44,2,28,0
18481,"M",10,27,5,1,25,0
22360,"M",21,26,8,1,41,0
40000,"Z",18,33,15,0,24,0
70000,"Z",1,53,34,2,24,0
40420,"Z",13,47,29,1,100,0
70000,"Z",2,41,23,1,19,0
80000,"M",2,38,17,0,29,0
36980,"M",20,43,24,3,18,0
147624,"Z",13,58,40,1,18,0
75000,"Z",20,23,5,1,24,0
36980,"M",11,43,25,3,100,0
75000,"M",20,41,20,0,13,0
121789,"M",7,52,33,1,100,0
55040,"Z",18,64,45,0,15,0
321283,"Z",2,25,7,3,32,0
20000,"M",21,56,37,2,30,0
45580,"M",3,53,33,0,100,0
10000,"Z",1,52,34,3,31,1
20000,"M",3,34,15,0,20,0
26660,"Z",6,31,13,1,16,0
33233,"M",15,27,9,1,100,0
65000,"Z",9,43,24,1,18,0
43000,"Z",21,50,32,1,100,0
250000,"Z",17,34,15,3,100,1
501182,"M",3,39,17,1,34,0
27520,"M",7,32,13,3,100,0
245000,"M",7,29,10,1,100,0
175000,"M",4,53,34,0,100,0
18060,"M",14,21,3,2,100,0
35000,"Z",7,56,37,1,11,0
85000,"M",18,45,27,2,17,0
33540,"M",5,39,20,1,100,0
143941,"Z",8,58,39,2,18,0
175000,"M",10,29,10,2,100,0
20640,"Z",10,24,6,2,100,0
15000,"Z",12,35,17,0,28,0
129181,"M",5,56,35,0,34,0
22360,"M",11,26,6,0,100,0
120000,"M",18,28,9,1,100,0
45000,"Z",2,66,48,2,28,1
54180,"M",8,63,44,2,24,0
215000,"M",15,28,8,1,100,0
150000,"M",20,36,17,1,100,0
34400,"M",15,40,22,0,100,0
359824,"Z",3,28,10,0,14,0
175000,"M",16,51,32,0,100,0
20640,"M",20,24,6,4,100,0
80000,"Z",12,39,21,1,20,0
11095,"Z",10,25,3,0,31,0
30960,"M",11,36,17,1,100,0
60000,"M",21,26,6,3,28,0
30000,"M",20,65,47,1,31,0
30960,"M",10,36,18,1,26,0
65000,"M",9,40,18,2,15,0
809582,"M",15,63,44,3,33,0
41280,"M",14,48,30,1,24,1
155002,"M",19,62,42,2,100,0
105000,"Z",15,48,29,2,100,0
43000,"M",6,50,29,0,100,0
75000,"Z",3,54,34,1,13,0
40611,"M",14,29,11,1,17,0
47300,"Z",5,55,37,1,14,0
80000,"M",9,26,8,2,26,0
85000,"Z",5,57,38,0,14,0
18060,"M",21,21,2,1,18,0
75000,"M",9,50,31,2,18,0
15000,"M",13,31,12,1,10,0
24080,"Z",16,28,10,0,15,0
158702,"M",13,63,43,0,28,0
60000,"Z",10,28,8,2,12,0
21500,"M",9,25,6,1,100,0
15000,"M",6,43,22,0,24,0
29544,"Z",7,29,8,0,100,0
51600,"Z",5,60,42,1,22,0
372685,"M",21,29,9,0,100,0
70000,"Z",14,58,40,1,25,0
29240,"M",9,34,16,0,16,0
125000,"M",12,50,31,0,100,0
280000,"Z",10,28,10,2,100,0
20640,"M",14,24,6,3,100,0
136554,"M",1,55,37,2,100,0
30000,"M",3,33,15,1,14,0
18920,"Z",10,22,3,0,100,0
15000,"M",1,20,2,1,22,0
436934,"M",15,34,16,2,100,0
32680,"M",8,38,20,2,100,0
115000,"M",3,49,30,3,100,0
60000,"Z",2,43,25,2,16,1
20640,"Z",10,24,6,2,4,0
80000,"M",4,25,7,4,36,1
225000,"M",20,20,2,2,100,1
33540,"M",19,39,21,0,10,0
14795,"M",12,22,4,2,100,0
60000,"Z",7,65,47,1,15,0
22360,"M",12,26,8,1,16,0
80000,"Z",17,44,26,1,16,0
62758,"Z",6,37,17,1,100,1
43000,"M",17,50,32,1,100,0
3e+05,"M",19,45,26,0,100,0
40000,"M",3,41,21,0,27,0
24940,"M",21,29,11,0,23,0
275000,"Z",15,64,43,2,100,0
80000,"Z",18,24,6,3,19,0
40420,"M",19,47,28,1,17,0
308433,"M",19,24,6,0,13,0
85000,"Z",14,31,12,3,10,0
27520,"M",20,32,13,1,26,0
85000,"M",21,64,45,2,22,0
125489,"M",5,52,34,1,28,0
19780,"M",18,23,4,0,10,0
70000,"M",13,39,21,2,31,0
95000,"M",20,20,2,0,30,0
18060,"M",3,21,1,2,100,0
35000,"Z",12,65,47,0,12,0
860988,"M",4,67,49,1,19,0
23220,"M",2,27,8,3,32,0
22172,"M",18,25,6,2,100,0
125000,"M",19,35,14,1,100,0
25800,"M",4,30,12,2,23,1
80000,"M",14,23,2,1,12,0
40608,"Z",13,29,11,2,100,0
35260,"Z",5,41,21,0,34,0
265000,"Z",8,62,41,0,100,0
30000,"M",15,47,28,0,29,0
27520,"M",15,32,10,1,18,1
235000,"Z",4,27,8,1,100,0
30000,"Z",2,32,14,0,26,0
30960,"M",12,36,18,1,30,1
81211,"M",15,40,22,2,100,0
75000,"M",4,53,35,2,8,0
31820,"Z",4,37,17,1,100,0
80000,"M",12,33,13,0,3,0
125486,"M",16,53,34,5,100,1
37840,"M",6,44,26,1,20,0
282739,"Z",6,22,2,1,13,0
150000,"Z",5,18,0,3,100,0
21500,"Z",12,25,7,0,18,0
120000,"Z",11,24,6,2,100,1
170000,"Z",19,27,8,1,100,1
43000,"M",18,50,29,2,100,0
40624,"M",18,29,11,0,31,0
30000,"M",6,37,19,1,33,1
24080,"Z",10,28,9,1,11,0
75000,"Z",21,45,27,0,36,0
436929,"Z",11,34,16,2,39,0
34400,"M",13,40,19,1,21,0
65000,"M",6,52,34,1,28,0
60000,"Z",9,33,15,1,13,1
24940,"Z",7,29,11,0,15,0
115000,"Z",8,49,31,0,100,0
250000,"M",16,62,44,0,100,0
24080,"Z",9,28,9,2,31,0
88591,"M",9,42,24,1,14,0
155000,"M",21,27,6,1,100,0
38700,"M",7,45,25,0,35,0
235000,"M",7,43,25,1,100,0
66448,"Z",13,36,18,1,19,0
25800,"Z",15,30,12,0,100,0
70000,"M",10,37,19,4,10,0
70000,"M",7,25,7,1,12,0
25800,"M",12,30,12,2,19,1
3e+05,"M",9,26,8,0,100,0
35000,"M",13,43,25,0,27,0
24080,"M",2,28,10,0,100,0
372684,"M",20,29,11,0,31,0
85000,"Z",20,39,21,1,18,1
37840,"M",8,44,26,0,13,0
70000,"M",17,36,16,1,12,0
25858,"M",11,25,7,0,20,0
32680,"M",14,38,20,2,23,0
150000,"M",10,31,13,3,100,0
60000,"M",18,44,26,0,9,0
25800,"M",10,30,12,2,12,0
15000,"M",16,59,41,3,26,0
385534,"Z",2,30,11,1,100,0
26660,"Z",18,31,13,2,16,0
22173,"Z",20,26,6,0,100,0
235000,"Z",7,33,11,4,100,0
22360,"Z",6,26,6,0,18,0
305000,"M",12,44,25,1,100,0
59062,"M",19,38,16,2,10,1
52460,"M",16,61,43,2,100,0
275000,"M",2,52,32,1,100,0
45000,"Z",11,24,6,0,24,0
30960,"M",2,36,17,2,100,0
65000,"Z",3,47,29,2,19,0
80000,"M",16,44,26,1,23,0
24940,"M",9,29,8,1,100,0
25856,"M",13,25,7,1,100,1
460000,"M",5,33,13,3,100,1
47300,"M",12,55,37,1,19,0
80000,"M",17,40,22,1,31,0
129182,"Z",14,55,35,2,100,0
22360,"Z",3,26,8,4,100,0
385537,"M",21,30,10,1,100,1
65000,"M",13,39,20,1,18,0
30100,"M",9,35,16,0,17,0
20000,"Z",17,40,22,0,18,1
215000,"Z",16,33,14,2,100,0
50740,"Z",1,59,41,2,100,0
99653,"M",14,45,27,1,12,0
290000,"Z",12,54,34,2,100,0
24940,"M",13,29,11,1,10,0
65000,"M",4,46,27,4,11,0
552569,"Z",2,43,23,3,15,0
31820,"M",16,37,16,2,15,0
65000,"M",9,48,28,0,16,0
65000,"M",1,43,21,4,16,0
24940,"M",13,29,10,1,100,0
1e+05,"Z",5,31,12,0,9,0
45000,"M",12,25,7,3,11,0
27520,"M",12,32,11,4,20,0
18470,"M",8,23,5,1,100,0
70000,"M",15,60,42,3,11,1
43860,"Z",11,51,33,1,100,0
295000,"M",3,20,0,0,100,0
55377,"Z",5,36,15,1,100,0
35260,"M",4,41,23,1,100,0
145000,"Z",20,34,16,1,100,1
95000,"M",4,68,47,3,9,0
21500,"Z",3,25,6,1,15,0
250000,"Z",5,59,41,3,100,0
120000,"Z",3,32,14,1,100,0
26660,"M",12,31,13,0,35,0
681081,"M",10,53,33,1,26,0
65000,"Z",11,29,9,3,12,0
54180,"Z",3,63,45,1,21,0
255000,"M",9,63,44,2,100,0
110735,"Z",5,51,30,1,21,1
28380,"Z",15,33,14,2,100,0
70000,"M",18,26,8,4,27,0
120000,"M",20,27,9,1,100,0
55040,"Z",17,64,46,2,23,0
80000,"M",15,30,12,1,13,0
552582,"M",6,43,25,1,25,0
27520,"M",21,32,13,3,20,0
114415,"M",8,50,31,2,24,1
105000,"M",1,30,12,1,100,1
24940,"Z",11,29,8,1,100,0
3e+05,"Z",9,61,43,1,100,0
84896,"M",8,41,23,2,100,0
55900,"M",6,65,46,0,22,0
15000,"M",10,42,24,3,9,0
35000,"Z",17,59,41,1,18,0
23220,"M",19,27,9,1,18,1
255000,"Z",21,62,44,0,100,0
70000,"M",15,54,36,1,30,0
28380,"Z",14,33,15,2,20,0
29547,"Z",3,27,8,4,8,0
210000,"M",13,35,16,0,100,0
28380,"Z",6,33,15,0,100,1
1e+05,"Z",19,33,15,1,19,0
66450,"Z",21,38,18,2,20,0
24940,"M",18,29,7,1,28,0
436939,"M",12,34,15,4,16,0
60000,"M",9,52,34,0,11,0
52460,"M",19,61,43,2,22,0
75000,"M",15,26,8,2,9,0
295000,"M",13,60,41,0,100,0
24940,"M",19,29,11,0,17,0
18480,"Z",4,24,5,0,30,0
25000,"Z",5,24,6,1,19,0
47300,"M",3,55,34,0,100,0
225000,"M",9,40,21,1,100,0
758188,"M",19,59,41,3,16,0
23220,"M",6,27,8,1,13,0
30000,"Z",4,30,11,0,9,0
65000,"M",15,31,11,1,13,0
29240,"Z",5,34,16,1,100,1
75000,"M",18,39,20,1,15,0
290000,"Z",12,35,14,0,100,0
46440,"Z",8,54,35,1,100,0
51683,"Z",14,33,14,1,14,1
65000,"M",3,38,20,0,22,0
43000,"Z",17,50,32,0,13,0
265000,"Z",11,57,39,3,100,1
81208,"Z",19,41,22,4,14,0
23220,"Z",19,27,9,1,9,0
35000,"Z",3,42,24,1,20,0
30000,"Z",15,37,17,2,29,0
47300,"M",7,55,36,2,11,0
280000,"Z",13,63,44,3,100,0
75000,"M",12,65,44,0,14,0
24080,"Z",17,28,7,1,11,0
282729,"Z",1,22,3,1,38,0
175000,"M",20,63,43,1,100,0
29240,"M",8,34,16,2,19,0
150000,"M",17,25,6,1,100,0
36925,"M",8,28,10,3,100,0
20640,"Z",11,24,6,1,100,0
25000,"Z",21,35,17,2,30,0
75000,"M",8,38,20,0,20,0
43860,"M",7,51,32,1,17,1
70000,"Z",13,62,44,2,8,0
449778,"Z",6,35,17,0,7,0
30100,"M",15,35,17,1,100,0
44309,"M",4,30,12,1,18,0
80000,"M",5,65,47,1,20,1
20640,"Z",2,24,6,1,24,0
265000,"Z",19,38,20,1,100,0
125485,"M",17,54,34,2,100,1
36980,"Z",14,43,23,0,100,0
80000,"M",7,35,13,4,40,0
1e+05,"Z",11,34,16,0,32,0
23220,"Z",10,27,7,1,100,0
120000,"M",12,32,14,2,100,1
125000,"Z",8,51,33,0,100,0
37840,"Z",12,44,25,2,20,0
22164,"Z",16,24,6,1,32,1
40000,"Z",19,59,38,3,21,1
55040,"Z",13,64,44,1,32,0
15000,"Z",3,28,9,0,28,0
73820,"Z",10,41,20,1,15,1
52460,"M",1,61,41,0,100,0
514039,"M",7,40,22,5,31,0
225000,"Z",7,27,9,1,100,0
58480,"Z",2,68,47,0,100,0
60000,"Z",16,34,14,2,16,1
180000,"M",9,36,18,1,100,0
53320,"M",3,62,41,1,20,0
81212,"M",6,41,22,1,100,0
70000,"M",1,65,44,2,17,0
19780,"M",14,23,5,1,100,0
245000,"M",6,31,13,1,100,1
436928,"M",2,34,16,2,100,1
28380,"M",21,33,14,0,22,0
210000,"M",6,27,9,2,100,1
95000,"Z",6,55,37,2,17,1
22360,"M",18,26,8,1,100,0
35000,"M",12,51,31,1,24,0
280000,"M",1,37,19,0,100,0
22360,"M",8,26,8,2,100,0
121790,"Z",1,53,33,0,10,0
80000,"Z",21,55,34,1,22,0
19780,"M",20,23,5,2,4,0
80000,"Z",19,31,12,0,24,0
62756,"Z",21,36,17,1,100,0
50740,"Z",13,59,41,1,36,1
25000,"M",13,30,12,1,22,0
10000,"Z",19,21,3,0,13,0
22360,"M",19,26,8,3,29,0
60000,"Z",18,27,8,1,27,0
5000,"M",3,36,18,1,17,0
37840,"Z",13,44,22,1,23,0
771037,"Z",4,60,42,1,16,0
20000,"M",1,62,44,1,11,0
42140,"M",7,49,31,2,40,0
75000,"Z",20,53,35,0,12,1
121795,"Z",2,51,33,1,11,0
42140,"Z",11,49,30,1,24,0
270000,"Z",9,23,4,3,100,1
60000,"M",6,42,23,1,17,0
19780,"M",1,23,4,1,30,0
120000,"Z",5,30,12,1,100,1
385530,"Z",7,30,12,3,8,0
55900,"M",16,65,47,3,19,0
110725,"M",19,48,30,2,100,0
260000,"Z",3,33,14,1,100,0
26660,"M",18,31,10,3,24,0
70000,"M",16,61,42,1,14,1
44302,"M",19,31,12,0,100,1
33540,"Z",10,39,19,3,32,0
75000,"M",15,23,4,2,8,0
255000,"M",2,29,11,1,100,0
23220,"M",20,27,9,3,21,0
45000,"Z",15,27,9,1,18,0
80000,"M",21,21,3,1,19,0
29240,"Z",7,34,15,1,11,0
29555,"M",8,26,8,2,18,0
70000,"Z",2,36,18,0,7,0
28380,"M",16,33,12,2,100,0
85000,"M",3,47,28,1,15,0
158690,"M",13,61,43,1,32,0
52460,"M",9,61,43,1,100,0
501174,"Z",7,39,21,0,28,1
70000,"M",14,30,11,1,6,1
17200,"M",12,20,2,2,100,0
85000,"M",14,23,5,3,6,1
175000,"M",8,49,31,0,100,0
21500,"Z",12,25,6,0,15,0
11094,"M",18,24,3,2,10,1
75000,"Z",1,60,39,2,18,0
24940,"M",4,29,11,2,21,0
75000,"M",13,48,29,3,19,0
385526,"Z",11,30,10,0,27,0
27520,"M",15,32,13,1,100,0
265000,"M",11,60,40,0,100,0
145000,"M",3,33,15,1,100,0
58480,"M",21,68,47,1,25,0
65000,"Z",20,24,3,3,15,0
70000,"M",13,59,41,0,20,0
37840,"M",4,44,25,1,100,1
88589,"Z",4,46,24,1,13,1
25000,"Z",1,62,44,4,19,0
22360,"M",8,26,8,0,16,0
120000,"M",19,50,31,1,100,0
173459,"M",21,66,47,1,34,0
18920,"M",4,22,4,0,24,0
270000,"M",6,22,4,5,100,1
145000,"M",11,29,11,1,100,0
40420,"Z",2,47,29,2,41,0
55000,"M",4,62,43,1,27,0
80000,"M",8,30,12,3,24,0
30100,"M",20,35,17,3,13,0
462631,"Z",18,36,17,2,28,0
75000,"Z",6,52,34,1,11,0
24080,"Z",5,28,8,0,20,0
430000,"M",13,61,43,2,100,0
40616,"Z",13,29,11,1,100,1
38700,"Z",2,45,25,0,14,0
1e+05,"M",19,27,7,0,22,0
65000,"M",1,39,19,2,22,0
24940,"M",16,29,11,1,23,0
250000,"Z",21,36,18,1,100,0
398390,"Z",5,31,11,0,23,0
18920,"M",11,22,4,2,22,0
14784,"M",12,22,4,1,25,0
75000,"M",5,52,34,1,18,0
40420,"M",5,47,28,3,31,0
65000,"Z",15,53,33,1,22,0
84903,"M",12,41,23,2,17,1
36980,"M",9,43,21,3,8,0
120000,"M",21,33,15,1,100,0
35000,"M",15,29,7,0,17,0
53320,"M",12,62,44,2,13,0
420000,"M",12,49,30,1,100,0
145000,"M",16,27,9,2,100,1
17200,"M",8,20,2,2,15,0
11091,"Z",9,22,3,2,100,0
65000,"M",20,43,23,2,15,0
23220,"Z",12,27,8,1,28,0
220000,"M",16,63,45,1,100,0
66451,"M",5,37,18,2,100,0
52460,"Z",10,61,42,1,100,0
334144,"M",17,26,8,0,34,0
120000,"M",5,44,24,3,100,0
24080,"M",14,28,10,1,19,0
210000,"Z",6,37,19,0,100,0
235000,"M",8,32,13,3,100,0
51600,"M",18,60,41,1,100,0
66451,"M",15,36,18,3,18,0
55000,"M",10,30,12,1,21,0
46440,"M",13,54,35,1,13,0
60000,"M",11,33,13,0,17,0
346987,"Z",21,27,9,2,4,0
50740,"Z",13,59,41,0,9,0
295000,"Z",20,39,21,2,100,0
15000,"M",3,26,8,4,17,1
28380,"M",21,33,15,3,15,0
70000,"M",14,32,12,1,36,0
235000,"M",10,22,4,1,100,0
53320,"M",2,62,43,4,100,1
92281,"M",5,44,25,3,100,0
120000,"Z",12,28,10,2,100,1
22360,"Z",4,26,6,1,17,1
85000,"Z",21,26,4,2,19,0
166069,"M",8,64,45,1,18,0
30960,"Z",5,36,18,1,33,1
65000,"Z",6,36,18,0,18,0
80000,"M",6,44,26,0,11,0
45580,"Z",3,53,35,1,100,0
280000,"M",20,29,11,0,100,0
260000,"Z",12,29,10,2,100,0
47300,"M",9,55,35,1,11,0
565436,"Z",21,44,24,0,100,0
30000,"Z",20,26,8,1,36,1
19780,"Z",4,23,3,2,43,0
20000,"M",17,31,13,0,16,0
77513,"M",3,39,21,0,100,0
50740,"M",2,59,40,0,100,0
30000,"M",7,44,26,0,17,1
75000,"M",20,54,36,1,18,0
30100,"Z",10,35,17,3,22,1
70000,"M",15,26,7,1,19,0
359836,"M",17,28,9,0,19,0
23220,"Z",20,27,7,0,100,0
103344,"M",20,46,28,4,100,0
150000,"M",10,36,17,0,100,0
55900,"M",6,65,47,2,100,0
70000,"M",10,34,15,0,13,0
73826,"Z",3,38,20,1,100,0
53320,"M",9,62,43,3,18,0
85000,"M",17,44,24,3,33,0
175000,"Z",18,23,5,1,100,0
28380,"M",20,33,13,1,20,1
30000,"M",5,36,18,2,16,0
95000,"M",7,33,15,2,13,0
22360,"Z",12,26,8,1,100,0
33238,"Z",7,29,9,0,21,0
85000,"M",17,30,11,1,11,0
26660,"M",3,31,13,2,34,0
175000,"Z",4,36,18,1,100,0
47997,"M",3,31,13,1,100,0
54180,"M",10,63,45,4,36,0
783878,"Z",14,61,42,2,100,0
75000,"Z",12,27,7,4,14,0
52460,"Z",14,61,41,1,100,0
240000,"Z",8,41,22,1,100,0
65000,"Z",14,40,22,0,28,0
26660,"M",15,31,13,0,16,0
3711,"M",3,21,1,1,12,0
75000,"M",11,65,45,1,10,0
19780,"Z",5,23,5,2,35,0
175000,"Z",10,20,1,1,100,0
578280,"M",8,45,26,1,16,0
37840,"M",17,44,26,4,100,0
3e+05,"Z",21,54,35,2,100,0
35000,"M",4,22,3,1,32,0
18920,"M",17,22,3,1,17,0
175000,"M",17,63,41,2,100,0
25000,"M",18,36,18,1,15,0
38700,"M",14,45,27,1,100,0
3716,"Z",5,19,1,2,15,0
115000,"M",3,68,47,3,100,1
25800,"Z",2,30,11,2,20,1
30000,"Z",2,22,4,2,8,0
22168,"M",2,28,6,1,6,0
29240,"M",11,34,16,1,10,0
85000,"Z",3,22,4,1,28,0
80000,"M",7,67,45,0,21,0
24080,"M",20,28,8,1,12,0
35000,"Z",4,61,41,3,16,0
30000,"Z",14,46,26,3,11,1
50740,"M",11,59,41,2,30,0
526883,"M",9,41,22,1,20,0
65000,"M",4,38,20,1,20,0
24940,"M",12,29,10,2,100,0
70000,"Z",9,27,9,1,27,0
155005,"M",9,63,42,2,100,0
29240,"Z",3,34,13,1,100,0
65000,"M",5,63,45,2,37,0
75000,"M",18,38,18,1,18,0
52460,"Z",8,61,43,1,28,0
30000,"Z",7,35,13,1,28,0
860984,"M",13,67,47,1,14,0
24080,"M",17,28,10,3,24,0
48004,"M",21,35,13,2,18,0
260000,"M",19,46,27,1,100,0
23220,"M",9,27,9,4,100,0
305000,"M",14,34,16,2,100,0
22165,"Z",11,25,6,3,22,0
28380,"M",6,33,11,1,100,1
285000,"M",6,26,8,0,100,0
10000,"Z",18,31,13,1,18,0
26660,"M",21,31,13,1,39,0
70000,"M",15,25,7,0,13,0
35000,"M",3,57,39,1,23,0
27520,"M",7,32,11,1,100,0
14784,"M",14,23,4,2,100,0
125000,"M",8,63,42,3,100,1
43860,"Z",7,51,33,2,21,0
105000,"M",4,30,12,4,100,0
132868,"Z",12,54,36,1,100,0
32680,"Z",19,38,20,0,36,0
462636,"M",8,36,16,3,28,1
275000,"M",3,62,44,2,100,1
54180,"M",3,63,44,2,20,0
465000,"M",10,30,11,4,100,0
85000,"M",7,42,22,2,16,0
30960,"Z",14,36,18,0,15,0
169769,"Z",19,64,46,4,100,0
20000,"Z",18,21,2,3,17,0
36980,"Z",20,43,23,2,100,1
65000,"M",6,52,33,0,28,1
257037,"Z",20,20,2,1,100,0
36120,"Z",20,42,23,1,6,0
25000,"M",10,37,17,2,36,0
70000,"Z",6,28,9,1,17,0
21500,"M",6,25,6,0,33,0
245000,"Z",1,48,29,1,100,0
75000,"M",4,33,14,3,11,1
52460,"M",17,61,42,0,20,0
73825,"M",13,38,20,2,100,1
245000,"Z",14,60,41,2,100,0
55900,"M",17,65,47,2,100,0
80000,"M",4,27,9,3,22,0
59059,"Z",6,34,16,2,100,1
24080,"Z",14,28,10,1,100,0
80000,"M",3,65,47,0,17,0
115000,"M",6,45,27,3,100,0
19780,"M",6,23,5,1,21,0
20000,"M",11,25,7,0,13,0
3e+05,"M",1,21,3,1,100,0
26660,"M",3,31,11,1,28,0
308435,"Z",20,24,6,1,15,0
180000,"Z",5,51,33,1,100,0
43000,"Z",18,50,32,2,100,0
1e+05,"Z",13,53,33,1,19,0
25851,"M",10,25,7,3,100,0
34400,"M",5,40,22,0,100,0
75000,"M",1,65,47,1,6,0
150000,"Z",3,28,7,1,100,0
24080,"M",3,28,9,1,100,0
150000,"Z",13,36,16,2,100,0
475474,"M",8,37,16,2,100,0
44720,"Z",4,52,32,1,22,0
36926,"Z",15,31,10,2,32,0
120000,"M",6,25,7,1,100,1
23220,"Z",21,27,8,0,10,0
75000,"Z",16,46,27,2,18,0
14783,"Z",7,24,4,3,18,1
51600,"M",6,60,41,2,8,0
80000,"M",13,64,44,0,18,0
15000,"M",2,65,45,2,18,0
38700,"M",4,45,26,0,100,0
15000,"M",12,32,12,2,24,0
70000,"M",17,60,41,3,21,0
36120,"Z",14,42,23,1,14,0
84893,"M",21,43,23,2,16,0
25000,"M",5,47,29,2,8,0
21500,"Z",20,25,6,4,100,1
180000,"M",6,38,20,1,100,0
99653,"Z",17,45,27,0,11,0
55040,"M",19,64,45,1,18,1
372678,"M",1,29,9,1,16,0
75000,"M",16,40,18,3,27,1
21500,"Z",21,25,7,1,100,1
270000,"Z",6,36,18,4,100,0
120000,"Z",6,31,11,5,100,0
55900,"M",3,65,45,2,14,0
99657,"M",14,45,27,1,100,0
85000,"M",4,62,43,2,23,0
28380,"M",1,33,15,3,25,0
25000,"Z",2,33,11,4,13,1
514042,"Z",5,40,21,2,28,1
31820,"M",7,37,19,1,100,0
85000,"Z",19,24,4,1,25,0
70000,"Z",11,63,44,3,19,0
31820,"Z",2,37,19,1,10,0
65000,"M",3,62,43,2,21,0
175000,"Z",10,37,19,0,100,0
24940,"M",17,29,8,0,13,0
173455,"Z",8,66,47,0,18,0
40000,"Z",10,29,8,2,16,0
21500,"Z",18,25,4,3,28,0
75000,"Z",4,61,43,2,34,0
77520,"M",16,39,21,3,26,1
22360,"M",12,26,5,1,42,0
175000,"Z",3,31,13,2,100,0
70000,"M",2,39,18,1,14,0
23220,"Z",9,27,8,0,25,0
80000,"M",9,26,8,1,7,0
5000,"Z",12,27,8,1,13,0
28380,"M",9,33,11,2,21,0
398375,"Z",10,31,10,1,27,0
70000,"M",5,66,44,0,9,0
37840,"M",8,44,26,1,17,0
80000,"M",15,32,14,2,20,0
147625,"Z",20,61,40,1,100,0
40420,"M",7,47,28,3,12,0
70000,"Z",5,36,18,0,25,0
5000,"Z",19,26,6,0,16,0
18060,"Z",20,21,3,1,9,0
145000,"Z",13,24,6,1,100,0
436940,"Z",4,34,15,1,11,0
52460,"Z",4,61,41,2,16,1
55379,"Z",12,33,15,1,100,0
120000,"Z",4,37,19,1,100,0
28380,"M",15,33,15,0,19,0
85000,"Z",19,51,33,3,8,0
110729,"M",10,49,30,3,11,1
51600,"M",9,60,42,0,100,0
20000,"M",10,45,24,0,27,0
85000,"M",21,26,8,1,17,0
24940,"M",5,29,11,0,21,0
105000,"Z",8,27,7,1,100,0
75000,"M",13,41,23,1,22,0
22360,"M",21,26,8,3,22,0
51679,"M",13,36,14,1,26,0
120000,"M",10,21,2,0,100,1
36980,"M",13,43,24,1,28,0
120000,"Z",16,60,38,1,100,0
33237,"Z",1,27,9,1,15,0
28380,"M",15,33,15,3,12,0
629693,"Z",21,49,30,1,12,0
215000,"M",14,37,18,2,100,1
18920,"M",9,22,3,0,26,0
30000,"M",19,67,47,1,35,0
75000,"Z",17,55,35,3,24,0
54180,"M",13,63,45,0,100,0
110724,"M",7,48,30,3,6,0
125000,"M",10,32,11,2,100,0
25800,"Z",7,30,12,1,39,0
65000,"M",20,31,12,0,12,0
835283,"M",8,65,47,2,24,0
36980,"Z",19,43,23,0,100,0
105000,"Z",5,37,19,4,100,0
30000,"M",5,45,25,1,23,0
24080,"Z",15,28,8,2,49,0
15000,"Z",9,27,9,1,9,0
65000,"M",5,51,32,1,23,0
17200,"Z",17,20,2,2,28,0
73825,"M",17,38,20,0,100,0
75000,"Z",6,27,8,3,15,0
20640,"M",4,24,5,1,22,0
1e+05,"Z",1,31,12,1,12,0
33238,"Z",15,27,9,0,19,0
28380,"M",17,33,15,0,100,0
240000,"M",15,63,45,5,100,0
285000,"Z",9,42,24,0,100,0
48160,"M",12,56,38,1,100,0
260000,"M",16,27,6,1,100,0
10000,"M",21,26,7,3,19,0
45580,"M",13,53,35,1,100,0
860975,"M",21,67,47,0,26,0
80000,"Z",7,40,22,2,8,0
41280,"Z",4,48,30,1,34,1
1e+05,"Z",11,67,47,3,15,0
107027,"Z",12,47,29,1,100,0
24080,"M",12,28,6,0,16,0
220000,"M",19,24,6,2,100,0
25000,"M",13,54,36,2,10,0
25800,"Z",3,30,8,2,15,0
25000,"M",4,43,24,2,37,0
436927,"M",10,34,16,3,20,0
24940,"M",15,29,10,2,28,0
151328,"M",16,60,41,0,22,0
65000,"M",17,45,24,1,29,0
20640,"M",12,24,4,1,100,0
280000,"Z",17,23,5,1,100,0
129183,"Z",15,54,35,1,22,0
17200,"M",12,20,2,0,100,0
150000,"Z",2,40,21,3,100,0
210000,"M",6,49,30,2,100,0
30960,"Z",6,36,18,3,100,0
175000,"M",9,38,20,2,100,1
155000,"M",8,28,10,3,100,0
35260,"M",10,41,22,1,24,0
166069,"M",19,64,45,2,100,0
105000,"Z",5,45,27,3,100,1
29240,"M",14,34,16,2,100,0
30000,"Z",6,39,21,4,11,0
66447,"M",12,36,18,1,6,0
25800,"M",19,30,12,1,32,0
501190,"Z",20,39,21,0,22,0
65000,"Z",14,24,6,0,14,0
30960,"M",7,36,18,1,30,0
80000,"Z",3,72,53,1,11,0
70000,"M",18,61,43,2,14,0
24080,"M",19,28,10,1,100,0
59065,"M",18,35,16,0,28,0
45000,"M",20,23,3,3,24,0
47300,"Z",19,55,35,1,18,0
35000,"M",11,60,42,0,27,0
848135,"Z",6,66,47,3,100,0
37840,"M",15,44,24,2,11,0
125000,"Z",7,30,10,1,100,0
60000,"M",17,63,43,1,17,1
30960,"M",5,36,18,2,35,0
60000,"Z",5,30,12,0,25,0
3e+05,"Z",9,64,45,0,100,0
50740,"M",6,59,41,1,22,0
173458,"M",18,66,47,1,100,0
95000,"M",6,53,33,1,9,0
23220,"Z",20,27,7,1,9,0
170000,"Z",4,64,45,2,100,0
14781,"Z",13,23,4,1,22,1
27520,"M",16,32,14,1,12,0
280000,"Z",3,47,29,1,100,0
70000,"Z",11,24,6,1,13,0
19780,"Z",16,23,5,5,15,0
285000,"M",8,28,7,2,100,0
60000,"M",17,61,43,2,37,0
34400,"M",3,40,20,2,100,0
848131,"Z",18,66,44,1,20,0
80000,"Z",17,31,12,0,12,0
16340,"M",14,19,1,4,28,0
85000,"M",8,34,15,2,19,0
155010,"M",18,60,42,5,100,1
55900,"M",1,65,47,0,34,0
280000,"M",19,66,47,2,100,1
80000,"Z",11,28,10,1,32,1
29240,"M",6,34,16,1,30,0
45000,"Z",6,36,17,2,27,0
783876,"Z",14,61,41,1,17,0
25800,"M",16,30,12,1,100,1
40623,"M",18,30,11,3,100,0
220000,"M",6,65,47,1,100,0
24940,"Z",12,29,11,0,21,0
175000,"Z",4,38,20,0,100,0
59066,"M",4,37,16,1,100,0
49880,"Z",11,58,36,2,14,0
115000,"Z",21,38,19,0,100,0
75000,"Z",11,43,25,0,19,0
24080,"M",5,28,10,3,16,0
155000,"Z",3,25,7,2,100,0
85000,"Z",10,43,23,1,13,0
25800,"M",11,30,12,1,13,0
70142,"Z",7,37,19,1,19,0
70000,"M",15,30,12,0,22,0
55900,"Z",9,65,47,1,30,0
65000,"Z",9,33,15,2,27,0
88587,"M",4,46,24,0,100,1
30960,"M",19,36,17,2,100,0
346983,"M",21,27,8,1,19,1
35000,"M",5,58,39,0,19,0
22360,"Z",15,26,4,1,14,0
120000,"M",11,44,23,1,100,0
80000,"M",11,33,15,3,24,0
51600,"M",6,60,42,1,100,0
40621,"Z",17,29,11,0,14,0
170000,"M",18,34,16,0,100,0
35260,"Z",15,41,20,1,34,0
75000,"Z",17,38,20,1,12,0
269880,"M",8,21,3,3,16,0
18920,"Z",11,22,3,0,38,0
60000,"Z",1,33,14,3,22,0
60000,"Z",1,37,19,2,10,1
30100,"M",17,35,16,2,21,0
35000,"Z",12,65,47,1,19,0
105000,"Z",12,54,34,1,100,0
24080,"M",14,28,10,1,24,0
70138,"M",15,38,19,1,29,0
70000,"Z",9,44,26,2,33,1
23220,"Z",7,27,9,2,21,0
65000,"M",10,22,4,1,20,0
84899,"M",14,43,23,3,100,1
36980,"Z",21,43,25,1,12,0
85000,"M",4,28,9,2,40,0
175000,"M",21,53,33,3,100,1
23220,"M",6,27,9,0,100,0
20000,"M",10,28,9,2,11,0
305000,"M",15,30,11,2,100,1
49880,"Z",4,58,36,2,28,1
359833,"Z",4,28,9,3,18,1
235000,"Z",19,33,15,1,100,0
45580,"Z",4,53,34,0,23,0
275000,"Z",16,35,17,1,100,0
33249,"Z",1,28,9,2,20,0
27520,"M",4,32,12,2,100,0
215000,"Z",5,38,20,1,100,0
30000,"Z",7,40,22,1,9,0
55900,"M",16,65,47,2,30,0
25000,"Z",12,34,15,3,28,0
539735,"M",6,42,24,1,100,0
26660,"M",11,31,12,1,16,0
47992,"M",1,32,13,1,14,0
225000,"Z",16,58,40,1,100,0
54180,"M",12,63,45,3,8,0
85000,"M",4,38,19,3,14,0
84902,"M",2,42,23,2,100,1
38700,"M",17,45,27,2,16,0
80000,"Z",6,23,5,4,40,0
215000,"Z",21,33,11,1,100,0
40420,"M",15,47,29,3,25,0
75000,"M",16,62,43,1,17,0
75000,"M",7,23,5,1,14,0
38700,"Z",2,45,27,0,27,0
147626,"M",13,59,40,1,100,0
75000,"M",6,62,44,0,19,0
33540,"Z",10,39,21,0,100,0
85000,"M",5,24,6,2,20,1
147628,"Z",9,60,40,0,42,0
37840,"Z",16,44,26,1,100,0
796744,"Z",7,62,44,2,100,0
75000,"M",16,65,47,2,13,0
26660,"Z",9,31,12,4,30,0
255000,"M",14,42,23,1,100,0
85000,"M",1,44,25,1,13,0
53320,"M",6,62,43,0,25,0
55376,"M",13,33,15,1,19,0
75000,"Z",7,32,14,3,15,1
23220,"Z",14,27,9,1,18,0
125000,"M",6,30,8,2,100,0
539736,"Z",15,42,23,0,100,1
23220,"M",18,27,8,1,100,0
80000,"M",14,31,13,0,13,0
25000,"M",3,35,14,3,25,0
30960,"M",20,36,17,1,18,0
60000,"M",6,35,16,0,24,0
80000,"M",13,23,4,1,21,0
26660,"M",13,31,13,1,100,0
51691,"Z",12,32,14,1,28,0
60000,"Z",1,26,6,1,29,1
34400,"Z",12,40,22,3,21,0
3e+05,"M",5,31,13,0,100,0
103349,"M",1,47,28,2,5,0
51600,"Z",15,60,42,3,20,0
20000,"Z",13,29,9,0,28,0
15000,"M",18,68,50,2,21,0
25800,"M",6,30,12,2,22,0
120000,"Z",16,49,30,1,100,1
75000,"Z",15,48,29,0,11,0
33540,"Z",5,39,21,3,18,0
411238,"Z",3,32,14,1,9,0
1e+05,"Z",4,21,3,0,22,0
30960,"Z",7,36,18,0,13,1
20000,"M",15,36,18,1,32,0
77519,"M",21,41,21,3,24,0
20640,"M",20,24,6,1,12,0
30000,"Z",4,38,19,2,20,0
10000,"M",6,25,6,2,27,1
20640,"Z",12,24,6,0,11,0
30000,"M",14,68,47,2,18,1
295587,"M",21,23,5,4,100,0
56760,"M",6,66,45,5,16,0
29550,"Z",12,28,8,2,100,0
15000,"M",7,30,11,4,29,0
36120,"M",6,42,24,2,100,0
80000,"M",5,57,37,1,22,0
14794,"Z",8,22,4,2,14,0
17200,"M",18,20,2,1,100,0
60000,"Z",21,28,10,1,18,0
70000,"Z",15,61,43,2,32,0
55040,"M",1,64,46,0,14,0
280000,"Z",1,48,29,0,100,1
65000,"M",13,61,42,2,21,0
21500,"M",14,25,6,2,9,0
121789,"Z",11,55,33,5,23,0
30000,"Z",11,62,43,1,14,0
30960,"M",2,36,15,0,100,0
60000,"Z",5,26,8,0,26,1
47997,"Z",18,32,13,2,30,0
32680,"M",6,38,16,2,39,0
526887,"M",14,41,22,3,100,0
60000,"M",5,56,37,1,16,0
30960,"Z",7,36,14,0,30,0
30000,"Z",7,68,49,2,16,0
10000,"Z",12,29,7,3,30,0
37840,"Z",8,44,25,2,12,0
70135,"Z",20,38,19,2,100,0
80000,"Z",8,57,39,0,17,0
24940,"Z",9,29,11,0,9,0
85000,"M",3,66,47,2,12,1
501182,"Z",17,39,21,1,34,0
35260,"Z",15,41,22,1,15,0
10000,"M",12,25,7,0,20,0
205000,"M",10,29,11,3,100,0
31820,"Z",16,37,19,1,100,0
65000,"Z",12,27,8,3,35,0
60000,"Z",12,21,3,4,7,1
19780,"Z",18,23,2,1,100,0
3720,"Z",11,20,1,1,31,1
1e+05,"Z",1,52,34,0,22,0
37840,"M",10,44,23,1,100,0
1e+05,"M",17,29,10,0,27,0
11091,"Z",4,22,3,0,13,0
51600,"Z",9,60,42,0,100,1
270000,"M",1,58,40,2,100,0
60000,"M",7,62,44,0,15,1
53320,"M",4,62,44,3,13,0
35000,"Z",7,52,34,2,13,0
180000,"M",20,41,22,1,100,0
34400,"Z",6,40,19,1,100,0
578290,"M",2,45,27,1,100,0
170000,"M",13,41,23,3,100,0
35260,"Z",10,41,23,3,100,0
70000,"M",13,30,12,2,32,0
51692,"M",16,32,14,1,10,0
30960,"Z",16,36,18,2,23,1
80000,"M",13,48,29,1,12,0
75000,"M",12,45,27,1,26,0
27520,"Z",7,32,14,1,100,0
175000,"M",6,23,5,2,100,0
424084,"M",13,33,15,2,100,0
28380,"M",8,33,14,1,16,0
33231,"M",2,27,9,2,100,0
80000,"Z",7,25,5,1,28,0
30960,"Z",21,36,18,1,25,0
25000,"M",7,62,43,4,11,0
95968,"Z",13,46,26,0,100,0
27520,"M",16,32,14,1,100,0
120000,"M",14,63,45,0,100,0
70000,"M",15,61,43,0,6,0
58480,"M",2,68,49,3,11,0
235000,"M",8,43,25,2,100,0
70000,"Z",18,40,22,2,17,0
33540,"Z",11,39,21,3,100,0
88591,"Z",14,44,24,1,32,0
70000,"Z",12,34,15,0,19,0
42140,"Z",21,49,31,2,12,0
85000,"M",9,60,41,1,28,0
151310,"Z",11,60,41,1,12,0
21500,"M",10,25,6,0,24,0
308428,"M",6,24,6,2,100,0
75000,"M",2,58,37,0,35,0
23220,"M",10,27,8,1,23,0
215000,"Z",12,63,41,3,100,0
265000,"Z",18,39,21,0,100,0
57620,"M",14,67,49,3,100,0
47998,"M",21,35,13,2,100,0
15000,"M",18,65,47,0,31,0
54180,"M",4,63,41,2,6,0
25000,"M",2,30,12,0,20,0
706781,"M",19,55,36,0,19,0
24940,"Z",18,29,11,0,17,0
30000,"M",12,31,13,2,34,1
40000,"Z",8,49,31,1,23,0
40420,"Z",15,47,29,3,100,1
75000,"Z",19,45,27,2,21,0
80000,"Z",19,46,28,2,9,0
31820,"Z",5,37,17,0,100,0
158695,"M",1,61,43,3,100,0
75000,"M",17,62,44,2,26,1
23220,"Z",9,27,9,2,8,0
85000,"M",8,56,38,1,9,0
33237,"M",3,28,9,0,12,1
27520,"M",9,32,14,1,18,0
60000,"M",17,27,8,1,26,0
255000,"Z",10,34,16,1,100,0
22360,"M",18,26,7,2,100,1
40000,"M",10,40,21,1,16,0
170000,"M",17,39,21,0,100,0
55040,"M",6,64,45,2,13,0
809573,"M",20,63,44,0,32,0
35000,"M",18,61,41,1,17,0
20640,"Z",10,24,5,0,100,0
70000,"M",16,32,13,0,16,0
180846,"Z",5,67,49,1,21,0
30960,"M",6,36,17,2,39,1
25000,"Z",20,31,13,0,15,0
1e+05,"M",4,32,14,1,11,0
35260,"M",3,41,23,0,25,0
70000,"Z",11,67,47,2,24,1
616834,"Z",14,48,30,1,29,1
23220,"Z",20,27,9,3,100,0
51682,"Z",3,32,14,1,21,0
15000,"M",5,63,45,2,14,0
27520,"M",10,32,14,0,19,0
70000,"M",18,61,43,2,27,0
62756,"Z",2,35,17,1,16,0
18060,"M",7,21,2,3,32,0
115000,"M",5,65,44,1,100,0
55000,"Z",17,47,28,1,9,0
30100,"Z",18,35,16,2,22,0
80000,"M",15,63,45,1,13,0
2e+05,"Z",15,45,24,1,100,0
24940,"M",12,29,11,0,35,0
99654,"Z",11,46,27,0,16,0
65000,"M",3,44,24,0,26,1
21500,"Z",14,25,6,1,12,0
65000,"M",20,65,46,0,15,0
40625,"Z",4,31,11,1,4,0
17200,"M",3,20,2,3,100,0
488335,"Z",3,38,19,3,100,0
30000,"M",8,35,17,1,21,0
21500,"M",17,25,7,1,36,0
175000,"M",12,34,15,0,100,0
25000,"Z",19,33,15,0,21,0
33540,"Z",7,39,21,1,100,0
47998,"Z",16,31,13,2,4,0
3e+05,"Z",13,62,43,3,100,1
26660,"Z",2,31,12,1,100,0
275000,"M",17,33,15,0,100,0
501184,"M",1,39,21,1,12,0
30100,"Z",5,35,17,1,18,0
85000,"Z",13,26,8,0,15,0
255000,"M",10,66,47,1,100,0
24940,"M",13,29,11,0,21,0
180000,"M",8,19,1,1,100,0
1e+05,"M",5,58,39,3,16,1
46440,"M",18,54,36,1,27,0
158687,"Z",19,63,43,4,37,0
45000,"Z",19,25,7,2,14,0
29240,"M",17,34,16,3,12,0
40000,"Z",6,54,34,1,17,0
95967,"M",19,45,26,0,100,0
32680,"M",7,38,20,0,100,0
15000,"Z",18,25,5,1,14,1
30000,"Z",1,25,7,1,17,1
52460,"Z",12,61,41,0,14,0
150000,"M",4,49,31,2,100,0
75000,"M",17,40,21,1,16,0
21500,"M",3,25,5,2,20,0
616831,"Z",4,48,29,0,100,1
180000,"M",18,33,14,3,100,0
27520,"M",19,32,13,1,19,0
45000,"M",7,34,16,0,9,0
36924,"M",6,28,10,1,100,0
24080,"M",17,28,9,0,25,1
75000,"M",15,36,18,3,31,0
220000,"Z",15,23,5,2,100,0
24940,"M",2,29,11,1,15,0
120000,"Z",10,32,14,0,100,0
629678,"M",7,49,31,0,100,0
21500,"M",6,25,7,0,25,0
92274,"Z",1,44,25,1,18,1
80000,"M",8,30,11,3,31,0
32680,"M",11,38,20,1,18,0
70000,"M",6,25,6,3,44,0
47992,"M",10,32,13,1,18,0
22360,"M",12,26,6,1,29,0
30000,"M",2,39,21,1,31,1
240000,"M",14,29,10,1,100,1
29240,"Z",8,34,16,2,100,0
75000,"M",17,33,15,1,36,0
25000,"M",10,29,11,0,26,0
28380,"Z",18,33,15,1,100,1
110720,"M",18,48,30,5,100,1
215000,"M",12,35,17,2,100,0
22360,"Z",12,26,7,2,26,0
25000,"M",19,23,4,2,27,0
81208,"M",14,42,22,1,100,0
21500,"M",3,25,7,1,14,1
346982,"M",1,27,9,0,12,0
60000,"Z",11,31,12,1,30,0
22360,"Z",4,26,5,2,100,1
210000,"M",11,41,22,3,100,0
170000,"M",18,25,7,2,100,0
37840,"M",17,44,26,1,21,0
132871,"M",10,54,36,1,100,0
70000,"M",15,35,17,1,34,0
37840,"Z",15,44,26,0,18,0
5000,"Z",2,36,18,2,21,0
783884,"M",17,61,43,1,5,0
25800,"Z",3,30,10,0,10,0
35000,"M",16,27,9,1,10,0
1e+05,"M",17,62,44,1,13,0
22360,"M",21,26,8,0,15,0
155000,"Z",5,39,21,4,100,1
75000,"M",20,27,8,0,39,0
53320,"M",11,62,44,1,45,0
173450,"Z",17,69,47,0,100,0
15000,"Z",14,38,19,1,14,0
27520,"Z",17,32,12,0,100,0
105000,"M",9,64,42,2,100,0
151320,"M",12,59,41,1,21,0
46440,"Z",17,54,35,1,9,0
60000,"M",8,59,38,2,21,0
85000,"Z",15,35,17,1,13,0
38700,"M",6,45,25,3,30,0
30000,"M",16,64,45,2,21,1
240000,"M",19,26,7,3,100,0
24080,"Z",9,28,8,4,100,0
372684,"M",13,29,10,0,100,0
55000,"M",4,27,9,2,19,0
52460,"M",21,61,39,1,14,0
205000,"Z",18,27,9,2,100,0
99653,"Z",10,47,27,2,100,0
25800,"M",10,30,12,2,17,0
80000,"M",4,37,19,1,18,0
255000,"M",10,63,44,1,100,0
26660,"M",17,31,13,0,100,0
40000,"M",20,44,25,1,14,0
783888,"M",13,61,43,0,100,0
19780,"M",1,23,3,2,12,0
66444,"M",18,39,18,1,9,0
35000,"M",15,52,34,1,10,0
49880,"M",17,58,40,2,16,0
30000,"M",16,64,45,0,20,0
59070,"Z",3,35,16,4,20,0
36980,"M",9,43,22,1,10,0
45000,"M",9,38,20,0,11,0
75000,"Z",13,34,15,0,18,0
15480,"Z",21,18,0,1,100,1
60000,"M",12,39,21,3,14,0
10000,"Z",13,42,24,1,20,0
55040,"Z",18,64,45,0,26,0
125493,"Z",16,52,34,0,100,0
20000,"Z",15,27,7,2,11,0
24940,"M",16,29,11,2,100,0
65000,"M",11,62,42,2,17,0
33236,"Z",9,28,9,0,26,0
23220,"Z",18,27,5,4,34,1
616833,"Z",11,48,30,0,26,0
80000,"M",8,50,32,1,15,0
36120,"M",19,42,24,2,100,0
35000,"M",18,22,4,2,24,0
80000,"Z",19,26,8,1,32,0
20640,"M",11,24,5,1,100,0
166073,"Z",20,63,45,1,19,0
70000,"Z",3,63,45,1,21,0
29240,"M",8,34,16,1,100,0
25000,"M",1,24,5,1,16,0
385538,"M",14,30,12,1,100,0
25800,"Z",16,30,12,3,22,1
80000,"M",17,52,34,0,25,0
65000,"Z",2,64,45,1,16,0
51600,"M",9,60,42,3,100,1
475000,"Z",12,27,9,0,100,0
95000,"M",3,47,28,2,23,1
26660,"M",9,31,13,1,14,0
173455,"M",7,65,47,3,34,0
20000,"Z",15,30,9,0,23,0
29240,"Z",3,34,15,3,14,0
70000,"M",16,64,44,2,25,0
44313,"M",5,30,12,1,19,0
30100,"Z",13,35,17,0,21,0
80000,"Z",20,26,7,2,18,0
40000,"M",13,65,47,2,32,0
25800,"M",1,30,12,1,16,0
95000,"M",20,62,44,2,30,0
85000,"Z",19,29,11,3,18,0
29240,"Z",14,34,16,3,16,0
526882,"M",8,41,22,1,100,0
235000,"Z",18,38,19,1,100,0
33540,"Z",1,39,19,2,100,1
35000,"M",6,44,26,0,24,0
166075,"M",7,65,45,0,100,0
43000,"M",13,50,31,3,9,0
285000,"Z",9,26,8,3,100,1
270000,"M",9,22,3,1,100,0
25800,"Z",8,30,11,3,100,1
1e+05,"M",1,48,30,1,18,1
385535,"M",15,30,11,1,20,0
34400,"Z",15,40,22,3,36,0
114414,"Z",7,49,31,0,100,0
35000,"M",14,32,14,1,32,0
22360,"M",4,26,6,1,29,0
70000,"Z",9,35,17,0,24,0
173451,"Z",8,66,47,0,100,0
24080,"Z",6,28,9,0,100,1
70000,"M",6,29,11,1,18,0
65000,"Z",17,53,33,2,25,0
43000,"M",20,50,32,0,100,0
60000,"Z",21,25,7,1,32,0
120000,"M",2,40,22,0,100,1
21500,"M",19,25,7,1,100,0
55373,"Z",19,33,15,2,14,0
35000,"M",20,47,29,3,22,1
41280,"M",5,48,29,2,36,0
15000,"M",7,69,47,1,30,0
62756,"M",20,39,17,2,19,1
18920,"Z",16,22,4,2,23,0
732478,"Z",12,57,39,0,29,0
85000,"M",3,28,10,0,10,0
55900,"Z",16,65,45,3,100,0
65000,"M",10,46,27,0,34,0
125000,"Z",10,23,5,3,100,0
49020,"M",6,57,39,3,12,1
173454,"M",7,65,47,4,24,0
75000,"Z",11,45,26,3,15,1
55900,"Z",9,65,47,1,22,0
230000,"M",6,62,44,1,100,0
462633,"M",15,36,18,1,29,0
41280,"Z",6,48,30,1,100,0
65000,"Z",16,46,28,1,19,0
260000,"M",5,33,12,4,100,1
18920,"Z",6,22,4,1,100,0
175000,"Z",2,32,11,1,100,0
30000,"Z",8,41,21,0,29,0
22360,"M",9,26,7,3,9,0
125493,"Z",4,52,34,0,21,1
305000,"Z",2,43,23,2,100,0
41280,"Z",19,48,30,1,100,0
70000,"M",19,44,26,1,9,0
95971,"M",14,44,26,3,14,0
36120,"M",11,42,22,2,100,1
125000,"M",11,61,43,1,100,1
20000,"M",19,32,11,2,23,0
25800,"Z",13,30,10,0,13,0
25000,"M",16,53,31,1,9,0
40000,"Z",9,36,18,0,20,0
45580,"M",9,53,32,1,100,0
771032,"M",20,60,42,3,9,0
80000,"Z",14,31,13,0,14,0
22360,"Z",19,26,8,0,23,1
210000,"M",16,62,44,0,100,0
81206,"Z",17,41,22,1,27,0
25800,"M",2,30,12,0,6,0
290000,"M",5,22,3,3,100,0
75000,"M",7,61,42,2,14,0
25800,"M",5,30,10,0,14,0
15000,"Z",17,57,39,1,25,0
308441,"M",3,24,6,4,22,0
30960,"Z",21,36,18,4,13,1
81207,"M",18,40,22,3,100,1
295000,"M",6,22,4,1,100,0
32680,"M",5,38,20,0,7,0
35000,"Z",11,27,5,1,10,0
36927,"M",1,30,10,1,100,0
49020,"Z",7,57,39,1,100,0
25000,"M",1,19,1,2,5,0
85000,"M",13,32,12,2,33,0
55040,"Z",2,64,45,2,31,0
65000,"Z",12,37,19,3,17,0
170000,"Z",2,47,29,4,100,0
23220,"Z",19,27,8,1,21,0
158693,"Z",6,63,43,1,15,0
35000,"M",8,38,20,0,37,0
51600,"Z",4,60,41,1,100,1
30000,"M",19,38,20,2,13,0
22161,"M",1,24,6,2,28,0
17200,"M",5,20,2,1,100,0
411227,"Z",10,32,14,0,13,0
85000,"Z",14,60,42,1,25,0
33540,"Z",21,39,21,3,100,0
65000,"M",9,34,15,1,20,0
30000,"M",15,43,23,1,14,0
36980,"Z",21,43,22,1,20,0
162397,"M",20,63,44,1,100,0
170000,"M",20,61,42,1,100,1
29240,"Z",12,34,15,3,100,0
85000,"M",2,63,44,1,25,0
449785,"Z",10,35,13,1,11,1
34400,"M",9,40,20,1,100,0
115000,"Z",20,54,36,2,100,0
15000,"M",5,39,21,1,22,0
27520,"M",10,32,11,3,33,1
60000,"Z",15,48,30,3,7,0
1e+05,"Z",3,24,5,0,23,0
36980,"Z",2,43,25,1,100,0
143940,"M",6,57,39,1,29,0
55000,"M",21,28,10,3,18,1
38700,"M",9,45,26,0,9,0
10000,"M",1,26,7,1,31,0
47996,"M",8,31,13,0,22,0
26660,"M",1,31,10,3,100,1
25000,"M",19,48,30,1,20,0
270000,"M",12,29,11,0,100,0
31820,"M",4,37,16,1,16,0
15000,"M",10,39,20,1,12,1
10000,"M",16,29,11,1,22,0
30960,"Z",19,36,18,1,100,0
835279,"M",21,65,45,2,100,0
245000,"M",13,41,22,0,100,0
22360,"Z",9,26,8,0,6,0
1e+05,"M",21,66,45,1,19,0
155013,"M",16,60,42,1,18,1
25800,"M",19,30,12,0,100,0
105000,"M",2,19,1,3,100,0
85000,"M",16,28,10,2,14,0
27520,"M",2,32,12,1,16,0
65000,"Z",19,24,6,1,12,0
321281,"M",10,25,6,1,100,0
52460,"Z",6,61,43,0,100,0
18484,"Z",2,24,5,1,34,0
55000,"M",13,37,19,0,19,0
16340,"M",3,19,1,1,14,0
35000,"M",19,33,14,2,40,0
121805,"Z",17,53,33,1,16,0
44720,"M",8,52,33,2,30,0
105000,"Z",20,49,29,1,100,1
295000,"Z",7,23,5,0,100,1
20640,"Z",5,24,6,0,21,1
70000,"Z",15,20,2,1,2,0
15000,"M",2,58,40,2,15,0
32680,"M",5,38,20,3,100,0
77521,"M",17,40,21,1,100,0
85000,"M",9,26,7,1,37,0
31820,"M",16,37,16,1,13,0
120000,"Z",7,65,47,3,100,1
77517,"Z",14,39,21,0,100,0
30100,"M",2,35,17,0,5,1
501178,"M",18,39,20,1,10,0
25000,"M",15,26,8,0,26,0
56760,"M",2,66,47,2,100,0
35000,"M",9,60,42,4,14,0
65000,"Z",7,47,29,2,20,1
27520,"Z",9,32,14,1,100,0
14788,"M",18,23,4,0,10,0
175000,"M",18,49,31,2,100,1
32680,"M",13,38,20,1,27,0
25000,"Z",5,65,47,4,7,0
603989,"M",19,47,26,1,100,0
21500,"Z",3,25,3,1,100,0
225000,"Z",4,60,42,4,100,0
75000,"M",17,61,43,1,15,0
31820,"Z",19,37,19,3,12,0
20000,"M",9,37,19,1,23,0
20000,"M",20,64,44,2,30,0
49880,"Z",1,58,40,2,31,1
44302,"Z",19,33,12,1,21,0
75000,"M",4,34,14,1,31,0
26660,"M",9,31,13,2,21,0
65000,"Z",14,25,5,2,17,0
70146,"M",1,38,19,1,100,0
34400,"Z",1,40,22,1,100,1
1e+05,"Z",21,50,28,1,32,0
95000,"Z",3,26,8,3,23,0
20640,"M",11,24,6,1,20,1
285000,"Z",3,65,47,1,100,0
30000,"M",2,40,21,2,20,0
42140,"M",17,49,29,0,11,0
282726,"M",3,22,4,1,21,0
30000,"M",4,30,12,1,14,0
20640,"M",8,24,4,3,14,0
225000,"M",12,36,17,2,100,0
11093,"M",9,23,3,0,27,0
23220,"Z",3,27,8,2,100,0
75000,"M",7,46,26,1,26,0
80000,"Z",19,23,4,2,27,1
19780,"M",8,23,5,1,20,0
75000,"Z",7,37,18,5,28,0
783879,"M",20,61,42,2,100,0
23220,"M",17,27,8,2,36,0
44300,"M",11,30,12,1,31,1
70000,"Z",15,50,32,0,21,0
19780,"M",7,23,5,2,24,1
505000,"M",20,24,6,3,100,0
121792,"Z",20,52,33,0,100,0
52460,"M",6,61,43,0,14,0
120000,"Z",1,48,29,1,100,0
60000,"M",9,58,40,3,17,1
19780,"M",5,23,5,0,11,0
55000,"Z",7,45,26,0,10,0
25000,"M",17,27,9,0,32,0
43860,"M",7,51,30,2,100,0
25857,"M",15,25,7,2,31,0
60000,"M",21,28,7,2,20,0
28380,"M",20,33,13,1,20,0
105000,"M",13,22,4,1,100,0
48005,"M",21,31,13,1,100,0
24080,"M",16,28,9,1,25,0
282723,"M",6,22,4,3,17,0
80000,"Z",14,26,6,1,20,0
23220,"Z",16,27,9,0,22,0
225000,"M",15,39,19,1,100,0
240000,"M",5,34,16,1,100,0
32680,"Z",19,38,20,1,28,0
99658,"M",5,45,27,2,100,0
30000,"Z",1,21,3,1,16,0
54180,"M",7,63,45,1,10,0
175000,"M",13,30,12,2,100,0
835280,"Z",16,65,45,1,20,0
51600,"M",19,60,41,5,10,0
30000,"Z",19,62,43,2,22,1
75000,"Z",11,26,7,0,17,0
46440,"M",17,54,36,2,32,0
75000,"M",10,26,7,2,7,0
170000,"Z",5,27,9,2,100,0
56760,"M",7,66,47,2,16,0
36927,"M",13,28,10,1,100,0
120000,"Z",7,61,43,0,100,0
28380,"M",4,33,12,1,14,0
85000,"M",20,38,19,2,36,0
18469,"Z",20,23,5,4,100,0
34400,"Z",18,40,22,1,16,0
70000,"Z",20,24,6,0,29,1
20000,"M",10,62,44,1,17,0
29240,"M",1,34,16,1,16,0
20000,"M",6,53,35,0,26,0
55000,"Z",17,44,23,1,27,0
46440,"M",2,54,35,1,13,1
385536,"M",19,30,11,0,100,0
80000,"M",4,26,8,0,10,0
21500,"Z",6,25,7,3,100,0
25000,"Z",7,33,15,0,11,1
55370,"M",8,34,15,2,100,0
28380,"M",15,33,13,1,100,0
70000,"Z",4,35,15,3,23,1
155000,"M",13,47,29,0,100,1
22360,"M",10,26,6,1,100,0
25000,"Z",3,25,7,1,11,0
398387,"M",18,31,12,3,100,0
25800,"M",1,30,10,2,35,0
29545,"M",3,26,8,3,19,0
20000,"M",8,34,16,0,12,0
46440,"M",5,54,36,1,100,0
80000,"M",1,52,33,3,17,0
173456,"Z",20,65,47,1,100,0
54180,"M",15,63,45,1,100,0
125000,"M",6,28,10,0,100,0
255000,"Z",12,68,49,3,100,0
32680,"Z",16,38,20,3,100,0
180000,"Z",20,36,16,0,100,0
295000,"Z",12,28,9,1,100,0
30100,"M",19,35,17,1,100,0
84900,"M",11,41,23,0,24,1
25000,"M",16,35,17,3,24,0
50740,"Z",7,59,41,3,19,0
265000,"M",21,38,20,3,100,0
95970,"M",1,44,26,2,5,0
30960,"Z",7,36,17,1,16,1
359834,"M",21,28,10,0,100,0
145000,"Z",10,25,7,1,100,0
42140,"M",4,49,28,2,9,0
290000,"Z",15,64,45,1,100,0
10000,"Z",18,47,26,1,28,0
26660,"M",17,31,13,0,29,1
84901,"M",5,41,23,2,100,0
125000,"Z",17,57,38,1,100,0
27520,"M",8,32,14,1,100,0
55000,"Z",13,22,4,4,30,0
359833,"Z",13,28,9,1,22,0
37840,"Z",21,44,23,1,16,0
80000,"Z",14,28,8,1,7,0
70000,"M",3,24,6,0,26,0
34400,"M",17,40,22,1,100,0
155000,"M",18,29,10,0,100,0
125000,"M",6,47,29,1,100,0
51600,"M",14,60,42,1,19,0
70137,"Z",18,38,19,2,100,0
70000,"Z",14,43,25,3,26,0
18920,"M",4,22,3,1,100,0
75000,"M",1,63,44,0,30,0
25860,"M",18,29,7,0,100,0
60200,"Z",8,70,49,1,100,0
220000,"Z",10,35,17,0,100,0
10000,"Z",15,64,45,1,19,0
43860,"Z",21,51,33,0,100,0
15000,"M",11,51,30,3,11,0
460000,"Z",19,18,0,2,100,0
56760,"M",1,66,47,2,16,0
346979,"Z",13,27,8,1,100,0
125000,"Z",6,28,7,0,100,0
24080,"Z",19,28,10,1,22,0
35000,"Z",15,65,47,0,16,0
59072,"M",5,34,16,0,100,0
21500,"M",13,25,6,2,6,0
20000,"Z",11,25,3,3,34,0
145000,"M",20,34,15,1,100,0
25800,"M",14,30,11,0,8,0
65000,"M",14,51,32,3,10,0
873838,"M",15,68,47,0,28,1
35260,"M",21,41,21,5,16,0
169764,"Z",6,66,46,2,18,0
20000,"M",17,42,24,0,24,0
55040,"Z",10,64,44,0,25,0
175000,"Z",3,55,36,0,100,1
151323,"M",8,60,41,0,27,0
45580,"Z",7,53,32,0,100,0
70000,"Z",13,28,8,2,32,0
55000,"Z",8,23,5,2,22,0
33540,"M",5,39,20,1,10,0
15000,"M",12,38,19,0,20,0
75000,"M",21,22,3,2,21,0
21500,"M",14,25,7,1,100,0
44301,"Z",18,33,12,3,27,0
35000,"M",9,20,0,1,34,1
55900,"M",1,65,47,3,100,0
120000,"M",7,61,43,1,100,0
59061,"Z",21,35,16,2,18,0
39560,"M",16,46,28,0,100,0
321282,"M",11,25,6,2,100,0
85000,"Z",16,25,6,1,18,0
22360,"Z",21,26,8,1,18,0
10000,"M",6,24,6,2,18,0
175000,"Z",2,43,21,0,100,0
55040,"Z",10,64,45,2,15,0
55381,"Z",21,33,15,2,100,0
60000,"M",3,42,22,0,23,0
19780,"M",17,23,5,1,7,1
30000,"Z",3,65,47,1,20,0
578280,"Z",8,45,26,2,37,0
33540,"M",19,39,20,0,18,0
175000,"Z",20,65,47,3,100,0
120000,"M",12,40,22,0,100,0
22360,"Z",5,26,8,1,10,0
285000,"Z",11,52,34,2,100,1
75000,"M",18,35,15,0,19,0
25800,"M",18,30,11,1,34,0
22170,"Z",19,25,6,0,100,0
70000,"M",8,66,47,3,16,1
30100,"M",2,35,17,2,19,0
70000,"M",10,31,12,0,26,0
166070,"Z",13,64,45,1,100,0
30100,"Z",10,35,17,2,29,1
150000,"Z",6,41,22,0,100,0
75000,"Z",14,33,14,1,20,0
26660,"M",21,31,11,2,11,0
60000,"M",19,46,27,2,28,0
35000,"Z",2,45,26,0,22,0
24080,"Z",16,28,9,0,8,0
372682,"M",19,29,11,0,100,0
30000,"M",13,50,32,1,16,0
54180,"Z",19,63,45,1,20,0
65000,"Z",8,35,17,0,13,1
121799,"Z",7,51,33,1,100,0
55900,"M",3,65,45,0,100,0
80000,"M",8,62,42,1,10,0
290000,"Z",4,64,44,2,100,0
28380,"M",7,33,12,1,29,0
80000,"M",4,38,20,1,20,0
295582,"M",2,23,5,1,12,0
22360,"Z",1,26,8,2,100,1
36930,"Z",14,28,10,0,100,0
80000,"M",7,48,29,1,27,0
30100,"Z",16,35,16,3,100,0
85000,"M",18,26,7,1,20,0
29545,"M",3,26,8,1,18,0
24940,"M",14,29,10,0,100,0
75000,"Z",3,22,3,2,10,0
60000,"M",9,40,22,2,43,0
21500,"Z",20,25,5,5,31,0
150000,"M",16,58,40,1,100,1
155000,"Z",18,38,18,1,100,0
25800,"M",11,30,11,3,100,0
103348,"M",18,46,28,3,18,0
250000,"M",2,35,17,1,100,0
57620,"Z",17,67,49,0,9,1
120000,"Z",11,28,9,3,100,1
151314,"M",18,59,41,1,2,0
39560,"M",10,46,28,3,22,0
860988,"M",18,67,47,0,18,0
40000,"Z",11,59,41,2,23,0
30100,"M",2,35,17,1,100,0
95000,"M",20,27,9,5,22,1
120000,"Z",2,60,38,2,100,0
53320,"M",13,62,43,3,100,0
143938,"Z",3,58,39,0,16,1
175000,"M",4,63,45,1,100,1
18920,"M",19,22,4,2,25,0
25000,"M",12,36,18,3,13,0
346986,"M",7,27,9,1,100,0
34400,"Z",17,40,22,1,100,0
120000,"M",9,60,41,1,100,0
75000,"Z",20,27,7,1,17,0
43860,"Z",1,51,33,2,29,0
30000,"M",12,32,14,1,24,0
60000,"Z",1,38,18,1,3,0
51600,"M",13,60,41,0,100,0
151312,"Z",10,59,41,1,36,0
180000,"M",1,43,24,2,100,0
24940,"Z",7,29,10,0,10,1
35000,"Z",18,63,45,0,14,0
166081,"Z",8,63,45,3,100,0
18060,"M",7,21,2,0,100,0
25000,"M",9,25,5,2,9,0
60000,"M",7,50,32,4,9,0
24080,"Z",21,28,9,1,100,0
235000,"Z",11,38,20,3,100,0
105000,"M",5,65,47,1,100,0
28380,"M",21,33,15,2,6,0
424082,"M",12,33,13,0,100,0
20000,"M",6,30,11,0,36,0
27520,"M",15,32,12,0,100,1
65000,"M",6,39,20,1,31,0
177145,"M",6,66,48,2,21,0
24080,"Z",8,28,10,1,13,0
105000,"M",5,59,41,4,100,0
70000,"M",19,33,15,1,18,0
37840,"M",18,44,26,4,28,1
170000,"M",14,20,1,2,100,0
681080,"M",15,53,35,1,26,0
28380,"M",13,33,14,0,23,0
55377,"Z",9,34,15,2,100,0
65000,"M",2,59,41,0,12,1
53320,"M",16,62,44,0,15,0
30000,"M",12,31,10,0,33,0
95968,"Z",11,44,26,2,100,0
30100,"M",11,35,15,2,25,0
10000,"M",16,68,47,2,18,0
60000,"Z",16,53,32,1,40,1
29240,"Z",8,34,14,0,100,0
65000,"M",7,26,8,1,18,0
35000,"Z",17,36,16,1,21,0
18060,"M",11,21,3,0,100,0
62755,"M",21,36,17,0,36,0
70000,"M",20,52,34,1,12,0
43860,"M",1,51,32,1,100,0
210000,"Z",1,48,29,0,100,0
25856,"Z",9,25,7,1,24,0
41280,"Z",14,48,29,1,37,0
269892,"M",19,21,3,1,33,1
55000,"Z",12,26,7,1,20,0
32680,"M",16,38,20,1,100,0
30000,"M",5,61,41,0,18,0
175000,"M",10,64,46,3,100,0
51600,"M",18,60,41,1,100,0
62760,"M",10,36,17,1,28,0
70000,"Z",7,22,2,0,26,0
35260,"Z",15,41,23,1,100,0
225000,"Z",7,50,32,2,100,0
372681,"M",12,29,11,1,20,0
25800,"Z",13,30,10,0,35,0
30000,"M",1,22,2,1,21,0
15000,"M",1,61,43,3,8,0
28380,"M",20,33,11,0,13,0
70000,"Z",17,28,10,1,27,0
25000,"Z",10,37,19,2,26,0
43000,"M",20,50,32,0,21,0
103351,"Z",1,47,28,2,100,0
20000,"M",8,27,7,1,20,0
31820,"Z",19,37,18,4,26,0
20000,"Z",3,31,13,0,8,0
25856,"M",4,25,7,3,100,0
36980,"M",21,43,25,2,22,0
15000,"M",1,37,18,2,25,0
105000,"M",16,60,41,3,100,0
21500,"M",18,25,6,1,100,0
40000,"M",15,50,28,3,24,1
220000,"Z",12,69,47,2,100,0
47300,"M",19,55,36,1,100,0
706787,"M",5,55,37,0,14,0
150000,"M",4,39,21,1,100,0
22360,"M",17,26,7,0,100,0
145000,"M",17,64,43,1,100,0
47998,"Z",10,31,13,1,9,0
46440,"M",20,54,36,1,10,0
125000,"M",3,59,41,0,100,0
290000,"M",21,27,8,2,100,0
32680,"M",3,38,20,2,23,0
105000,"M",5,49,31,1,100,0
436932,"M",1,34,14,1,100,0
30100,"M",20,35,17,0,18,0
147626,"Z",1,58,40,0,7,0
80000,"Z",10,57,39,1,13,1
24080,"M",16,28,10,0,100,0
175000,"Z",14,51,33,2,100,0
129174,"Z",2,53,35,0,22,0
51600,"Z",3,60,41,4,26,0
40000,"M",12,28,8,3,40,0
25000,"M",16,31,11,1,15,0
55040,"M",8,64,44,4,20,0
75000,"M",11,62,42,0,32,0
65000,"Z",5,24,3,0,25,1
27520,"M",13,32,12,0,100,0
92268,"Z",21,43,25,0,100,0
60000,"M",11,54,35,0,13,0
33540,"Z",16,39,19,1,3,0
65000,"M",12,36,16,2,27,0
36925,"Z",21,28,10,3,100,0
31820,"Z",9,37,17,2,14,0
809590,"Z",18,63,45,4,42,1
3e+05,"Z",8,26,7,3,100,0
29240,"M",21,34,13,0,24,0
75000,"M",21,22,3,1,18,0
1e+05,"M",21,64,43,1,29,0
39560,"M",16,46,28,1,15,0
7410,"Z",11,20,2,2,20,0
20000,"Z",10,61,42,3,36,0
37840,"Z",14,44,25,0,15,0
20000,"M",3,55,34,1,23,0
385540,"Z",6,30,12,2,100,0
23220,"Z",5,27,9,1,18,1
30000,"Z",12,20,2,1,15,0
175000,"M",19,39,18,2,100,1
32680,"M",13,38,19,2,28,0
70000,"Z",12,22,4,1,18,0
95000,"Z",19,34,15,1,7,0
49880,"M",7,58,39,3,21,0
25852,"Z",6,29,7,1,100,0
30000,"Z",20,31,13,3,35,1
37840,"Z",6,44,23,1,100,0
235000,"M",18,34,12,3,100,0
25857,"M",1,28,7,2,15,0
23220,"Z",7,27,9,0,20,0
70000,"M",17,47,27,0,22,0
30000,"M",3,37,19,2,14,0
51600,"M",5,60,41,1,37,0
75000,"M",8,66,47,1,23,0
45000,"Z",19,32,13,3,15,1
56760,"M",7,66,47,0,32,0
334127,"Z",10,26,7,1,17,0
125000,"Z",14,57,39,1,100,1
25800,"Z",5,30,12,0,12,0
95000,"Z",8,28,8,1,31,0
36925,"M",6,28,10,1,100,0
36120,"Z",13,42,24,1,19,0
260000,"M",11,43,25,3,100,1
405000,"M",10,27,9,0,100,0
43000,"M",6,50,30,1,36,0
205000,"M",7,57,39,2,100,0
771033,"M",5,60,41,0,18,1
35260,"M",8,41,22,1,100,0
129171,"M",12,53,35,1,100,0
150000,"Z",20,63,45,0,100,1
34400,"M",18,40,21,1,100,0
215000,"Z",2,34,16,1,100,0
18481,"Z",3,25,5,1,10,0
23220,"M",9,27,9,2,12,1
25000,"M",11,35,13,2,10,0
215000,"M",5,63,44,1,100,0
30960,"Z",2,36,17,0,17,0
20000,"M",12,41,23,0,8,0
55000,"M",1,32,14,1,20,0
55040,"Z",8,64,44,0,100,0
33240,"M",18,31,9,0,100,0
2e+05,"Z",15,58,40,2,100,0
25800,"Z",1,30,12,0,100,0
180000,"Z",8,39,20,2,100,0
70136,"M",4,37,19,1,32,0
55040,"Z",11,64,43,0,10,0
758178,"Z",13,59,41,1,100,0
80000,"M",14,37,18,1,30,0
34400,"M",7,40,20,0,100,0
55000,"M",16,23,5,3,11,0
15000,"M",18,53,35,0,16,0
25800,"Z",19,30,12,2,100,0
73826,"Z",19,38,20,1,100,1
265000,"M",1,64,45,2,100,0
22360,"Z",21,26,8,0,100,0
45000,"Z",1,27,8,3,16,0
308443,"M",15,24,6,2,35,0
18920,"Z",13,22,4,0,27,0
1e+05,"M",2,27,8,3,14,0
220000,"M",15,23,4,0,100,0
52460,"Z",17,61,41,1,27,0
180000,"M",8,27,8,0,100,0
150000,"M",8,47,28,1,100,0
26660,"M",5,31,13,1,31,0
107042,"Z",8,50,29,2,100,0
70000,"Z",17,37,17,2,19,0
29240,"M",14,34,16,0,26,0
65000,"M",18,25,6,1,29,0
29544,"Z",5,28,8,2,26,0
18920,"Z",17,22,4,1,100,1
65000,"M",2,40,20,2,23,0
40000,"M",8,25,7,1,14,1
47300,"Z",8,55,37,1,20,0
70000,"Z",3,43,25,2,22,0
80000,"M",18,59,41,0,21,0
56760,"M",13,66,47,2,100,0
771026,"Z",3,60,42,1,19,0
75000,"Z",11,33,15,0,29,0
24940,"M",11,29,9,1,100,1
295000,"M",17,64,44,0,100,1
158693,"Z",6,61,43,1,100,0
23220,"Z",4,27,7,1,100,1
85000,"M",2,38,20,1,37,0
120000,"M",16,60,42,1,100,0
31820,"Z",20,37,19,0,100,0
40000,"M",3,53,34,1,14,0
372680,"M",16,29,8,4,12,0
29240,"M",18,34,16,1,100,0
33240,"M",1,28,9,0,15,1
150000,"M",11,43,25,3,100,0
32680,"Z",18,38,17,2,100,0
65000,"Z",14,27,9,1,14,1
3717,"M",17,19,1,3,30,0
23220,"M",14,27,9,1,100,0
120000,"Z",1,23,5,1,100,0
35000,"M",18,63,45,1,12,0
32680,"Z",2,38,20,1,100,0
70000,"M",9,37,15,2,24,0
70000,"M",21,55,37,3,30,0
24080,"Z",11,28,9,2,20,0
173466,"M",2,67,47,2,4,0
35000,"M",5,65,47,1,28,0
35260,"Z",21,41,23,3,26,1
235000,"Z",10,43,23,1,100,0
22170,"M",9,24,6,2,100,0
35260,"Z",2,41,22,0,100,0
321281,"Z",18,25,6,0,11,1
35000,"Z",17,21,3,1,22,0
18060,"M",1,21,3,1,19,0
65000,"M",20,36,15,2,17,1
175000,"M",11,40,22,3,100,1
23220,"M",21,27,8,0,100,0
173459,"M",8,67,47,2,31,0
20000,"M",21,25,4,2,6,0
22360,"M",10,26,8,0,100,0
65000,"Z",8,30,12,0,20,0
269881,"Z",12,21,3,1,21,0
35260,"M",1,41,22,3,100,1
30000,"M",8,64,44,0,20,0
230000,"Z",12,25,6,1,100,0
20640,"M",11,24,6,1,26,0
125000,"M",8,33,14,0,100,0
1e+05,"M",3,65,47,2,10,0
49880,"Z",14,58,40,3,100,0
11095,"M",14,21,3,3,2,0
75000,"M",16,66,47,2,18,0
45580,"Z",16,53,33,0,27,0
75000,"M",10,36,18,0,15,0
110718,"Z",18,50,30,2,100,0
44720,"M",10,52,34,2,37,0
85000,"M",10,40,19,1,31,1
60000,"Z",12,25,6,0,18,0
24080,"M",4,28,10,0,18,0
80000,"M",9,46,28,3,27,0
145000,"M",4,60,41,3,100,0
18060,"Z",9,21,2,4,29,0
655387,"Z",21,51,31,2,20,0
105000,"M",9,24,6,5,100,0
25800,"Z",4,30,12,1,19,1
220000,"Z",9,67,49,3,100,0
151315,"M",8,59,41,0,8,0
19780,"Z",21,23,2,0,17,1
70000,"Z",8,38,19,4,12,0
15000,"Z",9,42,24,1,19,0
44720,"M",1,52,34,1,100,0
255000,"M",2,28,10,0,100,0
424076,"M",10,33,15,2,100,0
23220,"M",14,27,9,3,100,0
107041,"Z",9,48,29,1,29,0
475000,"Z",9,33,13,2,100,0
26660,"M",4,31,12,1,100,0
70000,"M",6,61,41,3,13,0
40614,"M",5,29,11,2,12,0
29240,"M",7,34,14,2,31,1
80000,"Z",7,32,14,2,24,0
155000,"M",10,33,15,3,100,1
24080,"M",6,28,8,1,30,0
175000,"Z",8,42,24,0,100,0
75000,"M",12,57,36,1,28,0
44720,"M",18,52,34,3,21,0
33237,"M",12,29,9,2,11,0
180000,"M",16,37,17,2,100,0
19780,"M",5,23,5,0,22,0
180000,"Z",16,30,11,1,100,0
151308,"Z",18,59,41,0,11,0
24940,"M",11,29,9,2,100,0
796731,"Z",9,62,41,3,25,0
55000,"M",16,21,2,3,15,0
27520,"M",13,32,14,0,100,0
75000,"Z",16,66,47,1,11,1
180000,"Z",8,50,29,1,100,0
22360,"M",15,26,8,3,100,0
36922,"Z",14,29,10,1,100,0
175000,"Z",15,58,39,2,100,0
43000,"M",13,50,32,3,14,0
70000,"Z",2,43,25,1,37,0
771038,"Z",13,60,41,2,15,0
30960,"M",9,36,18,0,12,0
65000,"Z",21,22,4,1,23,0
105000,"M",2,27,8,1,100,0
44720,"M",2,52,34,1,100,0
175000,"M",20,63,45,0,100,0
15000,"M",21,25,7,1,25,0
20640,"M",13,24,5,2,7,0
3709,"M",12,22,1,3,25,1
40000,"Z",8,51,33,1,7,1
59340,"M",15,69,50,1,100,0
30000,"M",6,39,21,1,8,0
107038,"M",6,48,29,0,100,0
24080,"M",6,28,9,1,100,0
40000,"M",11,29,10,2,10,0
290000,"M",20,23,5,1,100,0
21500,"M",18,25,5,0,100,0
60000,"M",3,27,7,0,12,0
260000,"M",20,53,35,1,100,0
25800,"M",2,30,12,2,26,0
822436,"M",14,64,45,2,27,0
35000,"Z",2,65,47,1,33,0
49020,"M",18,57,39,2,34,0
65000,"Z",4,32,14,0,19,0
125483,"M",6,52,34,0,8,0
28380,"Z",7,33,15,1,17,0
270000,"Z",7,26,8,4,100,0
35000,"M",1,30,12,3,11,0
46440,"M",16,54,34,0,28,0
65000,"M",18,31,13,2,18,0
745335,"M",17,58,40,1,11,0
32680,"Z",1,38,20,1,14,1
158703,"M",12,61,43,1,15,0
80000,"M",13,53,33,1,25,1
30960,"M",2,36,17,0,12,0
150000,"M",3,52,34,3,100,0
51691,"M",7,33,14,1,17,0
49880,"M",7,58,40,2,7,0
270000,"M",14,30,12,0,100,0
215000,"M",14,33,15,3,100,0
30100,"M",4,35,16,0,16,1
265000,"M",4,30,11,1,100,0
265000,"M",8,52,34,3,100,0
47300,"M",19,55,35,0,100,0
173457,"M",10,65,47,3,100,0
5000,"M",14,22,3,0,22,0
24940,"Z",12,29,10,1,25,1
85000,"M",9,63,43,2,25,1
147624,"Z",21,60,40,1,15,1
18920,"Z",21,22,2,0,19,0
771032,"Z",14,60,42,1,13,0
65000,"M",14,34,15,1,25,0
33540,"M",3,39,21,4,24,0
75000,"M",16,35,15,1,25,0
1e+05,"Z",16,25,4,1,25,0
38700,"M",10,45,26,1,100,0
103352,"Z",13,46,28,3,100,0
265000,"Z",5,27,9,0,100,0
40420,"M",12,47,26,1,17,0
85000,"M",13,53,34,1,20,1
501190,"Z",15,39,21,1,20,0
20640,"Z",21,24,3,3,26,0
205000,"Z",10,61,43,1,100,0
205000,"Z",15,22,3,0,100,0
37840,"Z",11,44,25,0,14,0
175000,"M",9,48,30,2,100,1
10000,"M",4,42,24,2,18,0
54180,"Z",10,63,43,2,16,0
118101,"Z",2,50,32,0,100,0
220000,"Z",4,44,26,1,100,0
55040,"M",14,64,44,0,100,0
1e+05,"M",14,33,15,2,16,0
44310,"Z",6,30,12,1,100,1
22360,"M",12,26,8,1,24,0
105000,"M",13,52,33,1,100,0
75000,"M",11,37,18,1,21,0
55040,"M",2,64,45,0,14,0
80000,"M",9,49,31,0,9,0
75000,"M",8,43,25,1,26,0
42140,"M",3,49,31,2,22,0
783889,"Z",5,61,43,1,9,0
25000,"Z",20,49,29,2,27,0
20640,"Z",21,24,6,1,45,0
180000,"Z",9,27,9,0,100,0
110732,"M",13,50,30,0,27,0
31820,"M",16,37,18,1,100,0
60000,"M",1,26,8,0,25,1
1e+05,"Z",14,46,28,2,27,1
27520,"M",6,32,12,1,100,0
65000,"Z",19,27,8,1,24,0
783888,"M",5,61,42,0,100,0
17200,"M",1,20,2,4,22,0
40611,"M",18,29,11,3,100,0
180000,"M",16,69,50,2,100,0
18920,"Z",8,22,4,0,100,0
10000,"M",12,31,13,1,19,0
88587,"Z",21,42,24,0,100,0
31820,"M",10,37,19,2,5,0
120000,"M",15,39,20,1,100,0
35000,"M",9,35,17,0,18,1
48160,"M",18,56,36,2,28,0
10000,"M",10,21,2,2,13,0
175000,"Z",1,61,41,4,100,0
36120,"M",5,42,24,1,17,0
22165,"M",1,25,6,3,100,0
70000,"Z",2,26,5,1,28,0
34400,"M",6,40,22,1,31,0
65000,"M",21,30,12,4,24,1
180835,"M",10,68,49,1,29,0
31820,"M",16,37,19,2,8,0
681079,"Z",6,53,34,0,100,0
35000,"Z",3,37,18,3,16,0
22360,"M",14,26,8,0,35,0
180000,"Z",16,30,11,1,100,0
65000,"M",7,34,14,1,6,0
36120,"M",7,42,23,2,100,0
18469,"M",9,26,5,4,100,0
150000,"Z",9,26,8,0,100,0
39560,"M",18,46,27,3,28,0
60000,"Z",12,32,14,1,24,1
449780,"Z",1,35,17,1,7,0
24940,"Z",4,29,11,3,17,0
65000,"M",4,34,15,1,16,0
60000,"M",20,47,29,1,23,0
18920,"Z",16,22,3,4,24,0
65000,"Z",8,31,12,0,24,1
120000,"M",8,45,26,4,100,1
43860,"Z",21,51,32,4,100,0
44305,"M",11,31,12,0,10,0
60000,"M",13,65,47,1,8,0
25800,"M",3,30,12,1,100,0
30000,"M",20,30,12,3,25,0
22173,"Z",7,26,6,1,22,0
26660,"M",3,31,13,3,8,0
20000,"M",10,65,45,0,14,1
20000,"Z",5,39,18,1,14,0
22360,"M",14,26,7,3,26,0
60000,"M",9,33,15,0,31,1
80000,"M",18,36,16,3,19,0
28380,"Z",6,33,15,1,100,1
398386,"Z",3,31,12,0,100,0
85000,"M",12,38,16,2,33,0
28380,"M",14,33,13,0,30,0
295000,"Z",1,26,8,0,100,0
59064,"M",15,34,16,0,100,0
50740,"M",18,59,41,1,100,0
120000,"M",12,43,25,1,100,0
65000,"M",16,46,28,2,21,0
35260,"M",8,41,23,0,100,0
240000,"Z",21,29,11,1,100,0
269890,"M",4,21,3,2,19,0
19780,"M",9,23,5,1,100,0
25856,"Z",19,26,7,1,100,0
75000,"M",15,67,45,1,14,0
19780,"Z",16,23,5,1,22,0
175000,"Z",8,37,16,0,100,0
92281,"Z",12,43,25,3,100,0
53320,"Z",8,62,43,0,23,0
60000,"Z",11,33,14,3,15,0
120000,"M",5,26,7,1,100,0
55900,"M",12,65,47,4,100,0
30000,"Z",9,30,12,1,35,1
75000,"Z",10,34,16,4,36,1
23220,"M",6,27,9,3,15,0
7407,"M",18,20,2,0,100,0
85000,"M",7,29,11,1,27,0
18920,"M",3,22,3,4,9,0
105000,"Z",1,34,15,1,100,0
77513,"Z",8,39,21,1,6,0
30960,"M",2,36,16,0,100,0
565430,"M",13,44,26,1,18,1
275000,"M",17,55,37,1,100,0
30100,"M",4,35,17,0,16,0
260000,"Z",21,47,29,1,100,0
30000,"Z",18,42,23,1,14,0
27520,"Z",20,32,12,2,13,0
7406,"Z",12,22,2,3,11,0
175000,"Z",2,37,17,1,100,0
34400,"M",17,40,22,3,20,0
170000,"M",17,22,4,1,100,0
385534,"M",20,30,12,1,37,0
53320,"M",6,62,44,0,100,0
175000,"Z",12,21,3,0,100,0
125000,"M",17,51,32,1,100,0
25800,"M",19,30,12,2,100,0
85000,"M",16,37,17,1,25,0
120000,"M",20,61,43,3,100,0
56760,"Z",15,66,47,2,33,0
48002,"M",15,33,13,3,21,0
75000,"M",8,57,38,0,21,0
28380,"Z",6,33,14,0,100,0
280000,"M",1,45,25,3,100,1
162391,"Z",11,62,44,2,100,0
53320,"Z",11,62,44,1,21,0
180000,"Z",17,22,4,0,100,1
30000,"M",11,51,32,0,14,0
45580,"M",6,53,33,0,100,0
35000,"Z",1,53,35,1,12,0
15000,"M",7,64,45,0,15,0
25800,"Z",11,30,12,0,13,1
359822,"M",17,28,9,2,23,0
35000,"M",21,33,15,1,20,1
35260,"Z",6,41,19,2,28,0
180000,"Z",16,62,44,0,100,1
47994,"Z",10,32,13,3,19,0
41280,"M",17,48,29,1,31,0
265000,"M",18,45,26,1,100,0
280000,"M",16,46,28,1,100,0
24940,"Z",8,29,10,1,16,0
285000,"Z",18,27,6,1,100,0
295581,"Z",1,23,2,1,20,0
34400,"M",13,40,22,2,25,0
29538,"M",10,26,8,1,100,0
30000,"M",5,52,32,0,36,0
36980,"M",5,43,24,1,15,1
1e+05,"M",21,29,11,2,22,1
3719,"M",6,19,1,1,100,0
35260,"M",12,41,23,1,100,0
65000,"M",15,32,14,1,15,0
180000,"M",8,62,44,0,100,1
36120,"M",3,42,24,0,100,0
70000,"M",3,41,22,1,20,0
30000,"Z",13,32,14,2,17,0
19780,"M",12,23,4,1,18,0
33239,"M",19,27,9,2,15,0
30000,"Z",15,24,4,0,12,0
50740,"Z",17,59,41,4,4,0
180000,"M",4,32,13,0,100,0
29549,"M",4,30,8,2,14,0
39560,"M",15,46,27,2,100,0
848133,"M",12,66,47,0,12,0
235000,"M",8,24,4,1,100,0
53320,"M",21,62,44,1,23,1
65000,"M",17,44,26,3,29,0
155000,"M",5,70,49,1,100,0
30960,"Z",11,36,18,2,35,0
36929,"M",21,28,10,3,30,0
125000,"Z",11,51,30,1,100,1
52460,"M",12,61,40,1,23,0
95000,"M",10,63,44,3,11,0
462629,"Z",15,36,17,0,22,0
32680,"Z",3,38,19,1,17,0
295000,"Z",19,29,11,2,100,0
45000,"Z",8,55,37,2,26,0
54180,"M",1,63,45,1,18,0
220000,"Z",13,32,11,2,100,0
55000,"M",5,36,18,3,19,0
33540,"Z",12,39,21,2,100,0
40613,"Z",6,30,11,1,100,0
25000,"Z",21,45,24,2,21,0
46440,"M",12,54,34,4,100,0
85000,"Z",9,25,5,1,37,1
51693,"M",9,33,14,1,100,0
37840,"M",5,44,25,1,20,0
175000,"M",11,41,21,5,100,0
75000,"M",3,35,15,0,23,0
30100,"Z",17,35,17,0,16,0
15000,"M",9,37,19,0,22,0
225000,"Z",1,47,29,0,100,0
23220,"M",14,27,9,2,13,0
758185,"M",4,59,41,1,100,0
125000,"Z",15,48,30,0,100,0
55900,"M",7,65,47,2,6,0
145000,"M",8,25,5,3,100,0
158699,"Z",21,65,43,0,100,0
36120,"M",16,42,23,0,100,0
220000,"Z",20,48,30,1,100,0
10000,"Z",15,25,6,2,16,1
29240,"M",7,34,15,2,22,0
70000,"M",17,30,10,2,30,0
783878,"M",4,61,43,1,30,0
55900,"M",15,65,45,1,14,0
70140,"M",14,37,19,2,18,0
250000,"Z",8,61,43,0,100,1
54180,"Z",17,63,43,1,15,0
95000,"M",18,25,7,0,15,0
132866,"M",19,55,36,2,18,0
18060,"M",17,21,3,1,26,0
180000,"M",18,30,9,1,100,0
80000,"Z",20,27,7,1,16,1
50740,"Z",15,59,41,0,100,0
25000,"Z",17,35,16,0,16,0
120000,"M",6,66,47,0,100,0
24940,"M",12,29,9,0,100,0
33229,"Z",7,27,9,1,21,0
105000,"Z",10,59,40,2,100,0
21500,"M",2,25,4,0,100,0
75000,"Z",16,60,41,2,35,0
29539,"M",19,29,8,2,13,0
24080,"Z",16,28,9,2,100,0
436934,"M",6,34,14,3,12,0
180000,"M",7,38,19,0,100,0
22360,"Z",13,26,8,0,25,0
260000,"M",15,42,24,0,100,0
5000,"Z",5,50,30,3,12,0
24080,"M",18,28,9,1,34,1
66446,"Z",13,36,18,1,29,0
105000,"M",18,18,0,2,100,0
39560,"M",21,46,25,0,11,0
175000,"M",13,29,10,0,100,0
616828,"M",3,48,30,2,100,0
23220,"M",7,27,9,0,100,0
240000,"Z",21,49,31,2,100,1
1e+05,"M",9,32,14,0,20,0
51600,"Z",8,60,41,2,100,0
65000,"M",5,52,31,1,17,0
295000,"Z",17,52,34,4,100,0
46440,"M",16,54,36,0,100,0
70143,"M",7,38,19,0,31,1
155000,"M",8,39,20,0,100,0
20640,"M",10,24,6,1,26,0
80000,"M",15,34,16,3,11,0
22169,"M",20,28,6,2,100,0
24940,"M",15,29,8,0,100,0
75000,"M",1,38,18,0,25,0
260000,"M",12,35,16,1,100,0
24080,"Z",7,28,9,1,33,0
85000,"Z",5,67,47,3,18,1
180000,"Z",16,30,11,3,100,0
20640,"M",18,24,6,0,21,0
449783,"M",2,35,15,2,20,0
75000,"Z",4,26,7,0,7,0
43000,"M",8,50,31,1,100,0
120000,"Z",14,64,43,2,100,0
29548,"M",1,27,8,1,100,0
18060,"Z",7,21,3,1,17,0
70000,"M",17,24,6,1,22,0
285000,"M",5,21,3,3,100,0
52460,"Z",9,61,41,1,12,0
420000,"M",12,52,32,2,100,0
655387,"M",5,51,33,0,29,0
56760,"M",18,66,44,0,28,1
107030,"M",5,47,29,2,13,0
230000,"Z",12,38,19,2,100,1
31820,"M",9,37,16,3,47,0
1e+05,"M",18,59,41,1,19,0
22166,"Z",12,25,6,0,14,0
24080,"M",4,28,10,0,26,0
60000,"M",8,24,6,4,12,0
75000,"M",1,23,5,0,19,0
40420,"M",5,47,28,0,31,0
85000,"M",7,31,13,2,30,0
85000,"M",12,61,43,1,27,0
32680,"M",9,38,19,3,20,0
22162,"M",2,24,6,1,33,0
210000,"Z",4,57,39,0,100,0
35260,"Z",1,41,21,1,43,0
75000,"M",2,54,36,0,25,0
25852,"Z",1,26,7,1,100,0
57620,"Z",4,67,45,1,31,0
321287,"M",10,25,7,1,32,1
240000,"M",1,58,36,1,100,0
24080,"Z",19,28,9,0,9,0
25000,"M",14,22,1,1,33,0
60000,"M",8,62,44,1,6,0
21500,"M",11,25,6,1,100,0
103343,"Z",18,48,28,0,100,1
55000,"Z",12,34,15,0,26,0
21500,"M",2,25,6,1,18,0
60000,"Z",11,38,20,3,24,0
603984,"Z",9,47,26,1,20,1
51600,"M",7,60,42,1,100,0
115000,"Z",1,25,7,0,100,0
275000,"Z",10,54,36,2,100,0
33540,"Z",4,39,21,1,18,0
20000,"M",11,61,43,2,17,0
80000,"Z",10,34,16,2,19,0
22360,"Z",20,26,7,0,100,0
107029,"Z",19,51,29,0,100,0
235000,"M",8,23,5,1,100,0
54180,"Z",1,63,45,2,9,0
35000,"M",5,26,8,2,7,1
107031,"M",4,47,29,1,32,0
29240,"M",9,34,15,1,100,0
80000,"Z",6,63,43,2,34,0
25000,"M",9,25,3,2,13,0
29240,"M",12,34,16,1,9,0
150000,"Z",19,45,25,3,100,0
30000,"M",5,56,36,2,19,0
29240,"M",18,34,16,2,19,1
436931,"M",20,34,13,1,15,0
35000,"Z",20,31,13,3,10,1
41280,"M",6,48,30,3,100,0
175000,"M",9,26,7,3,100,0
29551,"Z",5,29,8,3,100,0
17200,"M",3,20,2,1,21,0
30000,"M",6,25,7,1,23,0
125000,"M",3,34,15,0,100,0
38700,"M",7,45,26,2,12,0
180000,"Z",18,63,45,3,100,0
295588,"M",3,23,5,1,9,0
42140,"M",4,49,30,0,100,0
125480,"M",12,53,34,3,18,0
25000,"M",7,43,24,2,12,0
31820,"Z",3,37,19,2,24,0
70000,"M",10,43,25,0,26,0
66447,"M",14,37,18,1,23,0
30960,"M",1,36,18,0,17,0
35000,"Z",10,33,12,0,13,0
235000,"M",1,31,13,1,100,0
24080,"Z",3,28,10,2,10,0
105000,"Z",10,23,5,0,100,1
275000,"Z",5,66,47,4,100,0
38700,"Z",20,45,26,0,13,0
